run_id	s_fastq_R1	r_fastq_R1	title	host	isolation_source	collection_date	geo_loc_name	lat_lon	samp_type	host_sex	timepoint	diet_group	barcode	biosamplemodel	ena-spot-count	ena-base-count	ena-first-public	ena-last-update	host_genotype	timepoint_sample
SRR8691042		ftp.sra.ebi.ac.uk/vol1/fastq/SRR869/002/SRR8691042/SRR8691042.fastq.gz	RC_14_il	Mus musculus	ileum contents	2017-05	USA:Chicago	not applicable	16S rRNA gene amplicon sequences	male	14	Teklad Global 18% Protein Rodent Diet	45_IL	Metagenome or environmental	66044	16696898	2019-05-02	2021-05-07		
SRR8691043		ftp.sra.ebi.ac.uk/vol1/fastq/SRR869/003/SRR8691043/SRR8691043.fastq.gz	HF_14_il	Mus musculus	ileum contents	2017-05	USA:Chicago	not applicable	16S rRNA gene amplicon sequences	male	14	Teklad Custom 37.5% Saturated Milk Fat Rodent Diet	44_IL	Metagenome or environmental	73744	18641400	2019-05-02	2021-05-07		
SRR8691044		ftp.sra.ebi.ac.uk/vol1/fastq/SRR869/004/SRR8691044/SRR8691044.fastq.gz	RC_6_il	Mus musculus	ileum contents	2017-05	USA:Chicago	not applicable	16S rRNA gene amplicon sequences	male	6	Teklad Global 18% Protein Rodent Diet	39_IL	Metagenome or environmental	53831	13591744	2019-05-02	2021-05-07		
SRR8691045		ftp.sra.ebi.ac.uk/vol1/fastq/SRR869/005/SRR8691045/SRR8691045.fastq.gz	HF_6_il	Mus musculus	ileum contents	2017-05	USA:Chicago	not applicable	16S rRNA gene amplicon sequences	male	6	Teklad Custom 37.5% Saturated Milk Fat Rodent Diet	38_IL	Metagenome or environmental	54386	13731077	2019-05-02	2021-05-07		
SRR8691046		ftp.sra.ebi.ac.uk/vol1/fastq/SRR869/006/SRR8691046/SRR8691046.fastq.gz	RC_6_il	Mus musculus	ileum contents	2017-05	USA:Chicago	not applicable	16S rRNA gene amplicon sequences	male	6	Teklad Global 18% Protein Rodent Diet	37_IL	Metagenome or environmental	56978	14380286	2019-05-02	2021-05-07		
SRR8691047		ftp.sra.ebi.ac.uk/vol1/fastq/SRR869/007/SRR8691047/SRR8691047.fastq.gz	HF_6_il	Mus musculus	ileum contents	2017-05	USA:Chicago	not applicable	16S rRNA gene amplicon sequences	male	6	Teklad Custom 37.5% Saturated Milk Fat Rodent Diet	36_IL	Metagenome or environmental	72393	18268685	2019-05-02	2021-05-07		
SRR8691048		ftp.sra.ebi.ac.uk/vol1/fastq/SRR869/008/SRR8691048/SRR8691048.fastq.gz	RC_14_il	Mus musculus	ileum contents	2017-05	USA:Chicago	not applicable	16S rRNA gene amplicon sequences	male	14	Teklad Global 18% Protein Rodent Diet	43_IL	Metagenome or environmental	46679	11789928	2019-05-02	2021-05-07		
SRR8691049		ftp.sra.ebi.ac.uk/vol1/fastq/SRR869/009/SRR8691049/SRR8691049.fastq.gz	HF_14_il	Mus musculus	ileum contents	2017-05	USA:Chicago	not applicable	16S rRNA gene amplicon sequences	male	14	Teklad Custom 37.5% Saturated Milk Fat Rodent Diet	42_IL	Metagenome or environmental	73142	18442706	2019-05-02	2021-05-07		
SRR8691050		ftp.sra.ebi.ac.uk/vol1/fastq/SRR869/000/SRR8691050/SRR8691050.fastq.gz	RC_6_il	Mus musculus	ileum contents	2017-05	USA:Chicago	not applicable	16S rRNA gene amplicon sequences	male	6	Teklad Global 18% Protein Rodent Diet	41_IL	Metagenome or environmental	47695	12066257	2019-05-02	2021-05-07		
SRR8691051		ftp.sra.ebi.ac.uk/vol1/fastq/SRR869/001/SRR8691051/SRR8691051.fastq.gz	HF_6_il	Mus musculus	ileum contents	2017-05	USA:Chicago	not applicable	16S rRNA gene amplicon sequences	male	6	Teklad Custom 37.5% Saturated Milk Fat Rodent Diet	40_IL	Metagenome or environmental	55171	13920950	2019-05-02	2021-05-07		
SRR8691052		ftp.sra.ebi.ac.uk/vol1/fastq/SRR869/002/SRR8691052/SRR8691052.fastq.gz	HF_10_il	Mus musculus	ileum contents	2017-05	USA:Chicago	not applicable	16S rRNA gene amplicon sequences	male	10	Teklad Custom 37.5% Saturated Milk Fat Rodent Diet	64_IL	Metagenome or environmental	164054	41469605	2019-05-02	2021-05-07		
SRR8691053		ftp.sra.ebi.ac.uk/vol1/fastq/SRR869/003/SRR8691053/SRR8691053.fastq.gz	RC_18_il	Mus musculus	ileum contents	2017-05	USA:Chicago	not applicable	16S rRNA gene amplicon sequences	male	18	Teklad Global 18% Protein Rodent Diet	65_IL	Metagenome or environmental	323156	81612139	2019-05-02	2021-05-07		
SRR8691054		ftp.sra.ebi.ac.uk/vol1/fastq/SRR869/004/SRR8691054/SRR8691054.fastq.gz	HF_10_il	Mus musculus	ileum contents	2017-05	USA:Chicago	not applicable	16S rRNA gene amplicon sequences	male	10	Teklad Custom 37.5% Saturated Milk Fat Rodent Diet	60_IL	Metagenome or environmental	53823	13584134	2019-05-02	2021-05-07		
SRR8691055		ftp.sra.ebi.ac.uk/vol1/fastq/SRR869/005/SRR8691055/SRR8691055.fastq.gz	RC_10_il	Mus musculus	ileum contents	2017-05	USA:Chicago	not applicable	16S rRNA gene amplicon sequences	male	10	Teklad Global 18% Protein Rodent Diet	61_IL	Metagenome or environmental	47435	12000654	2019-05-02	2021-05-07		
SRR8691056		ftp.sra.ebi.ac.uk/vol1/fastq/SRR869/006/SRR8691056/SRR8691056.fastq.gz	HF_10_il	Mus musculus	ileum contents	2017-05	USA:Chicago	not applicable	16S rRNA gene amplicon sequences	male	10	Teklad Custom 37.5% Saturated Milk Fat Rodent Diet	62_IL	Metagenome or environmental	494	124763	2019-05-02	2021-05-07		
SRR8691057		ftp.sra.ebi.ac.uk/vol1/fastq/SRR869/007/SRR8691057/SRR8691057.fastq.gz	RC_10_il	Mus musculus	ileum contents	2017-05	USA:Chicago	not applicable	16S rRNA gene amplicon sequences	male	10	Teklad Global 18% Protein Rodent Diet	63_IL	Metagenome or environmental	178054	44956105	2019-05-02	2021-05-07		
SRR8691058		ftp.sra.ebi.ac.uk/vol1/fastq/SRR869/008/SRR8691058/SRR8691058.fastq.gz	HF_2_il	Mus musculus	ileum contents	2017-05	USA:Chicago	not applicable	16S rRNA gene amplicon sequences	male	2	Teklad Custom 37.5% Saturated Milk Fat Rodent Diet	56_IL	Metagenome or environmental	71816	18138849	2019-05-02	2021-05-07		
SRR8691059		ftp.sra.ebi.ac.uk/vol1/fastq/SRR869/009/SRR8691059/SRR8691059.fastq.gz	RC_2_il	Mus musculus	ileum contents	2017-05	USA:Chicago	not applicable	16S rRNA gene amplicon sequences	male	2	Teklad Global 18% Protein Rodent Diet	57_IL	Metagenome or environmental	56949	14398221	2019-05-02	2021-05-07		
SRR8691060		ftp.sra.ebi.ac.uk/vol1/fastq/SRR869/000/SRR8691060/SRR8691060.fastq.gz	HF_2_il	Mus musculus	ileum contents	2017-05	USA:Chicago	not applicable	16S rRNA gene amplicon sequences	male	2	Teklad Custom 37.5% Saturated Milk Fat Rodent Diet	58_IL	Metagenome or environmental	79103	19971872	2019-05-02	2021-05-07		
SRR8691061		ftp.sra.ebi.ac.uk/vol1/fastq/SRR869/001/SRR8691061/SRR8691061.fastq.gz	RC_10_il	Mus musculus	ileum contents	2017-05	USA:Chicago	not applicable	16S rRNA gene amplicon sequences	male	10	Teklad Global 18% Protein Rodent Diet	59_IL	Metagenome or environmental	72206	18254194	2019-05-02	2021-05-07		
SRR8691062		ftp.sra.ebi.ac.uk/vol1/fastq/SRR869/002/SRR8691062/SRR8691062.fastq.gz	RC_2_il	Mus musculus	ileum contents	2017-05	USA:Chicago	not applicable	16S rRNA gene amplicon sequences	male	2	Teklad Global 18% Protein Rodent Diet	55_IL	Metagenome or environmental	70116	17723148	2019-05-02	2021-05-07		
SRR8691063		ftp.sra.ebi.ac.uk/vol1/fastq/SRR869/003/SRR8691063/SRR8691063.fastq.gz	HF_2_il	Mus musculus	ileum contents	2017-05	USA:Chicago	not applicable	16S rRNA gene amplicon sequences	male	2	Teklad Custom 37.5% Saturated Milk Fat Rodent Diet	54_IL	Metagenome or environmental	57478	14524491	2019-05-02	2021-05-07		
SRR8691064		ftp.sra.ebi.ac.uk/vol1/fastq/SRR869/004/SRR8691064/SRR8691064.fastq.gz	RC_14_il	Mus musculus	ileum contents	2017-05	USA:Chicago	not applicable	16S rRNA gene amplicon sequences	male	14	Teklad Global 18% Protein Rodent Diet	47_IL	Metagenome or environmental	58776	14840703	2019-05-02	2021-05-07		
SRR8691065		ftp.sra.ebi.ac.uk/vol1/fastq/SRR869/005/SRR8691065/SRR8691065.fastq.gz	HF_14_il	Mus musculus	ileum contents	2017-05	USA:Chicago	not applicable	16S rRNA gene amplicon sequences	male	14	Teklad Custom 37.5% Saturated Milk Fat Rodent Diet	46_IL	Metagenome or environmental	76278	19252547	2019-05-02	2021-05-07		
SRR8691066		ftp.sra.ebi.ac.uk/vol1/fastq/SRR869/006/SRR8691066/SRR8691066.fastq.gz	RC_22_il	Mus musculus	ileum contents	2017-05	USA:Chicago	not applicable	16S rRNA gene amplicon sequences	male	22	Teklad Global 18% Protein Rodent Diet	49_IL	Metagenome or environmental	72499	18308875	2019-05-02	2021-05-07		
SRR8691067		ftp.sra.ebi.ac.uk/vol1/fastq/SRR869/007/SRR8691067/SRR8691067.fastq.gz	HF_22_il	Mus musculus	ileum contents	2017-05	USA:Chicago	not applicable	16S rRNA gene amplicon sequences	male	22	Teklad Custom 37.5% Saturated Milk Fat Rodent Diet	48_IL	Metagenome or environmental	62803	15855986	2019-05-02	2021-05-07		
SRR8691068		ftp.sra.ebi.ac.uk/vol1/fastq/SRR869/008/SRR8691068/SRR8691068.fastq.gz	RC_22_il	Mus musculus	ileum contents	2017-05	USA:Chicago	not applicable	16S rRNA gene amplicon sequences	male	22	Teklad Global 18% Protein Rodent Diet	51_IL	Metagenome or environmental	44775	11321448	2019-05-02	2021-05-07		
SRR8691069		ftp.sra.ebi.ac.uk/vol1/fastq/SRR869/009/SRR8691069/SRR8691069.fastq.gz	HF_22_il	Mus musculus	ileum contents	2017-05	USA:Chicago	not applicable	16S rRNA gene amplicon sequences	male	22	Teklad Custom 37.5% Saturated Milk Fat Rodent Diet	50_IL	Metagenome or environmental	66300	16726873	2019-05-02	2021-05-07		
SRR8691070		ftp.sra.ebi.ac.uk/vol1/fastq/SRR869/000/SRR8691070/SRR8691070.fastq.gz	RC_22_il	Mus musculus	ileum contents	2017-05	USA:Chicago	not applicable	16S rRNA gene amplicon sequences	male	22	Teklad Global 18% Protein Rodent Diet	53_IL	Metagenome or environmental	3	759	2019-05-02	2021-05-07		
SRR8691071		ftp.sra.ebi.ac.uk/vol1/fastq/SRR869/001/SRR8691071/SRR8691071.fastq.gz	HF_22_il	Mus musculus	ileum contents	2017-05	USA:Chicago	not applicable	16S rRNA gene amplicon sequences	male	22	Teklad Custom 37.5% Saturated Milk Fat Rodent Diet	52_IL	Metagenome or environmental	9	2273	2019-05-02	2021-05-07		
SRR8691072		ftp.sra.ebi.ac.uk/vol1/fastq/SRR869/002/SRR8691072/SRR8691072.fastq.gz	RC_18_il	Mus musculus	ileum contents	2017-05	USA:Chicago	not applicable	16S rRNA gene amplicon sequences	male	18	Teklad Global 18% Protein Rodent Diet	69_IL	Metagenome or environmental	263021	66436574	2019-05-02	2021-05-07		
SRR8691073		ftp.sra.ebi.ac.uk/vol1/fastq/SRR869/003/SRR8691073/SRR8691073.fastq.gz	HF_18_il	Mus musculus	ileum contents	2017-05	USA:Chicago	not applicable	16S rRNA gene amplicon sequences	male	18	Teklad Custom 37.5% Saturated Milk Fat Rodent Diet	68_IL	Metagenome or environmental	301313	76108804	2019-05-02	2021-05-07		
SRR8691074		ftp.sra.ebi.ac.uk/vol1/fastq/SRR869/004/SRR8691074/SRR8691074.fastq.gz	RC_18_il	Mus musculus	ileum contents	2017-05	USA:Chicago	not applicable	16S rRNA gene amplicon sequences	male	18	Teklad Global 18% Protein Rodent Diet	67_IL	Metagenome or environmental	316	79809	2019-05-02	2021-05-07		
SRR8691075		ftp.sra.ebi.ac.uk/vol1/fastq/SRR869/005/SRR8691075/SRR8691075.fastq.gz	HF_18_il	Mus musculus	ileum contents	2017-05	USA:Chicago	not applicable	16S rRNA gene amplicon sequences	male	18	Teklad Custom 37.5% Saturated Milk Fat Rodent Diet	66_IL	Metagenome or environmental	320997	81024133	2019-05-02	2021-05-07		
SRR8691076		ftp.sra.ebi.ac.uk/vol1/fastq/SRR869/006/SRR8691076/SRR8691076.fastq.gz	HF_18_il	Mus musculus	ileum contents	2017-05	USA:Chicago	not applicable	16S rRNA gene amplicon sequences	male	18	Teklad Custom 37.5% Saturated Milk Fat Rodent Diet	70_IL	Metagenome or environmental	376800	95269591	2019-05-02	2021-05-07		
SRR8691853		ftp.sra.ebi.ac.uk/vol1/fastq/SRR869/003/SRR8691853/SRR8691853.fastq.gz	ILC.HET.6.HF	Mus musculus	ileum contents	2016-05	USA:Chicago	not applicable	16S rRNA gene amplicon sequences	male		Teklad Custom 37.5% Saturated Milk Fat Rodent Diet	ILC.J	Metagenome or environmental	31991	8068750	2019-08-02	2021-05-07	Reg3gHET_C57Bl/6J	6
SRR8691854		ftp.sra.ebi.ac.uk/vol1/fastq/SRR869/004/SRR8691854/SRR8691854.fastq.gz	ILSC.HET.6.HF	Mus musculus	ileum mucosal scrapings	2016-05	USA:Chicago	not applicable	16S rRNA gene amplicon sequences	male		Teklad Custom 37.5% Saturated Milk Fat Rodent Diet	ILSC.S1	Metagenome or environmental	68854	14310278	2019-08-02	2021-03-02	Reg3gHET_C57Bl/6J	6
SRR8691855		ftp.sra.ebi.ac.uk/vol1/fastq/SRR869/005/SRR8691855/SRR8691855.fastq.gz	ILSC.KO.6.HF	Mus musculus	ileum mucosal scrapings	2016-05	USA:Chicago	not applicable	16S rRNA gene amplicon sequences	male		Teklad Custom 37.5% Saturated Milk Fat Rodent Diet	ILSC.T1	Metagenome or environmental	64601	11613367	2019-08-02	2021-03-02	Reg3gKO_C57Bl/6J	6
SRR8691856		ftp.sra.ebi.ac.uk/vol1/fastq/SRR869/006/SRR8691856/SRR8691856.fastq.gz	ILSC.HET.2.RC	Mus musculus	ileum mucosal scrapings	2016-05	USA:Chicago	not applicable	16S rRNA gene amplicon sequences	male		Teklad Global 18% Protein Rodent Diet	ILSC.O1	Metagenome or environmental	60200	11552193	2019-08-02	2021-03-02	Reg3gHET_C57Bl/6J	2
SRR8691857		ftp.sra.ebi.ac.uk/vol1/fastq/SRR869/007/SRR8691857/SRR8691857.fastq.gz	ILSC.HET.2.HF	Mus musculus	ileum mucosal scrapings	2016-05	USA:Chicago	not applicable	16S rRNA gene amplicon sequences	male		Teklad Custom 37.5% Saturated Milk Fat Rodent Diet	ILSC.P1	Metagenome or environmental	66141	13187794	2019-08-02	2021-03-02	Reg3gHET_C57Bl/6J	2
SRR8691858		ftp.sra.ebi.ac.uk/vol1/fastq/SRR869/008/SRR8691858/SRR8691858.fastq.gz	ILSC.HET.6.RC	Mus musculus	ileum mucosal scrapings	2016-05	USA:Chicago	not applicable	16S rRNA gene amplicon sequences	male		Teklad Global 18% Protein Rodent Diet	ILSC.Q1	Metagenome or environmental	49533	12328934	2019-08-02	2021-03-02	Reg3gHET_C57Bl/6J	6
SRR8691859		ftp.sra.ebi.ac.uk/vol1/fastq/SRR869/009/SRR8691859/SRR8691859.fastq.gz	ILSC.HET.6.RC	Mus musculus	ileum mucosal scrapings	2016-05	USA:Chicago	not applicable	16S rRNA gene amplicon sequences	male		Teklad Global 18% Protein Rodent Diet	ILSC.R1	Metagenome or environmental	54902	12922678	2019-08-02	2021-03-02	Reg3gHET_C57Bl/6J	6
SRR8691860		ftp.sra.ebi.ac.uk/vol1/fastq/SRR869/000/SRR8691860/SRR8691860.fastq.gz	ILSC.KO.22.RC	Mus musculus	ileum mucosal scrapings	2016-05	USA:Chicago	not applicable	16S rRNA gene amplicon sequences	male		Teklad Global 18% Protein Rodent Diet	ILSC.K1	Metagenome or environmental	35742	8688670	2019-08-02	2021-03-02	Reg3gKO_C57Bl/6J	22
SRR8691861		ftp.sra.ebi.ac.uk/vol1/fastq/SRR869/001/SRR8691861/SRR8691861.fastq.gz	ILSC.KO.22.RC	Mus musculus	ileum mucosal scrapings	2016-05	USA:Chicago	not applicable	16S rRNA gene amplicon sequences	male		Teklad Global 18% Protein Rodent Diet	ILSC.L1	Metagenome or environmental	61641	14564720	2019-08-02	2021-03-02	Reg3gKO_C57Bl/6J	22
SRR8691862		ftp.sra.ebi.ac.uk/vol1/fastq/SRR869/002/SRR8691862/SRR8691862.fastq.gz	ILSC.KO.22.HF	Mus musculus	ileum mucosal scrapings	2016-05	USA:Chicago	not applicable	16S rRNA gene amplicon sequences	male		Teklad Custom 37.5% Saturated Milk Fat Rodent Diet	ILSC.M1	Metagenome or environmental	67854	12085064	2019-08-02	2021-03-02	Reg3gKO_C57Bl/6J	22
SRR8691863		ftp.sra.ebi.ac.uk/vol1/fastq/SRR869/003/SRR8691863/SRR8691863.fastq.gz	ILSC.KO.22.HF	Mus musculus	ileum mucosal scrapings	2016-05	USA:Chicago	not applicable	16S rRNA gene amplicon sequences	male		Teklad Custom 37.5% Saturated Milk Fat Rodent Diet	ILSC.N1	Metagenome or environmental	63929	12053343	2019-08-02	2021-03-02	Reg3gKO_C57Bl/6J	22
SRR8691864		ftp.sra.ebi.ac.uk/vol1/fastq/SRR869/004/SRR8691864/SRR8691864.fastq.gz	ILC.HET.10.RC	Mus musculus	ileum contents	2016-05	USA:Chicago	not applicable	16S rRNA gene amplicon sequences	male		Teklad Global 18% Protein Rodent Diet	ILC.FF	Metagenome or environmental	41352	10425563	2019-08-02	2021-05-07	Reg3gHET_C57Bl/6J	10
SRR8691865		ftp.sra.ebi.ac.uk/vol1/fastq/SRR869/005/SRR8691865/SRR8691865.fastq.gz	ILC.KO.10.HF	Mus musculus	ileum contents	2016-05	USA:Chicago	not applicable	16S rRNA gene amplicon sequences	male		Teklad Custom 37.5% Saturated Milk Fat Rodent Diet	ILC.A1.1	Metagenome or environmental	50707	12794370	2019-08-02	2021-05-07	Reg3gKO_C57Bl/6J	10
SRR8691866		ftp.sra.ebi.ac.uk/vol1/fastq/SRR869/006/SRR8691866/SRR8691866.fastq.gz	ILC.KO.6.HF	Mus musculus	ileum contents	2016-05	USA:Chicago	not applicable	16S rRNA gene amplicon sequences	male		Teklad Custom 37.5% Saturated Milk Fat Rodent Diet	ILC.XX	Metagenome or environmental	25	6318	2019-08-02	2021-05-07	Reg3gKO_C57Bl/6J	6
SRR8691867		ftp.sra.ebi.ac.uk/vol1/fastq/SRR869/007/SRR8691867/SRR8691867.fastq.gz	ILC.KO.6.HF	Mus musculus	ileum contents	2016-05	USA:Chicago	not applicable	16S rRNA gene amplicon sequences	male		Teklad Custom 37.5% Saturated Milk Fat Rodent Diet	ILC.WW	Metagenome or environmental	19	4804	2019-08-02	2021-05-07	Reg3gKO_C57Bl/6J	6
SRR8691868		ftp.sra.ebi.ac.uk/vol1/fastq/SRR869/008/SRR8691868/SRR8691868.fastq.gz	ILC.KO.10.RC	Mus musculus	ileum contents	2016-05	USA:Chicago	not applicable	16S rRNA gene amplicon sequences	male		Teklad Global 18% Protein Rodent Diet	ILC.ZZ	Metagenome or environmental	19	4798	2019-08-02	2021-05-07	Reg3gKO_C57Bl/6J	10
SRR8691869		ftp.sra.ebi.ac.uk/vol1/fastq/SRR869/009/SRR8691869/SRR8691869.fastq.gz	ILC.KO.10.RC	Mus musculus	ileum contents	2016-05	USA:Chicago	not applicable	16S rRNA gene amplicon sequences	male		Teklad Global 18% Protein Rodent Diet	ILC.YY	Metagenome or environmental	15	3789	2019-08-02	2021-05-07	Reg3gKO_C57Bl/6J	10
SRR8691870		ftp.sra.ebi.ac.uk/vol1/fastq/SRR869/000/SRR8691870/SRR8691870.fastq.gz	ILC.KO.6.RC	Mus musculus	ileum contents	2016-05	USA:Chicago	not applicable	16S rRNA gene amplicon sequences	male		Teklad Global 18% Protein Rodent Diet	ILC.TT	Metagenome or environmental	42214	10647719	2019-08-02	2021-05-07	Reg3gKO_C57Bl/6J	6
SRR8691871		ftp.sra.ebi.ac.uk/vol1/fastq/SRR869/001/SRR8691871/SRR8691871.fastq.gz	ILC.KO.2.HF	Mus musculus	ileum contents	2016-05	USA:Chicago	not applicable	16S rRNA gene amplicon sequences	male		Teklad Custom 37.5% Saturated Milk Fat Rodent Diet	ILC.SS	Metagenome or environmental	56376	14070693	2019-08-02	2021-05-07	Reg3gKO_C57Bl/6J	2
SRR8691872		ftp.sra.ebi.ac.uk/vol1/fastq/SRR869/002/SRR8691872/SRR8691872.fastq.gz	ILC.KO.6.RC	Mus musculus	ileum contents	2016-05	USA:Chicago	not applicable	16S rRNA gene amplicon sequences	male		Teklad Global 18% Protein Rodent Diet	ILC.VV	Metagenome or environmental	18	4467	2019-08-02	2021-05-07	Reg3gKO_C57Bl/6J	6
SRR8691873		ftp.sra.ebi.ac.uk/vol1/fastq/SRR869/003/SRR8691873/SRR8691873.fastq.gz	ILC.KO.6.RC	Mus musculus	ileum contents	2016-05	USA:Chicago	not applicable	16S rRNA gene amplicon sequences	male		Teklad Global 18% Protein Rodent Diet	ILC.UU	Metagenome or environmental	45089	11375145	2019-08-02	2021-05-07	Reg3gKO_C57Bl/6J	6
SRR8691874		ftp.sra.ebi.ac.uk/vol1/fastq/SRR869/004/SRR8691874/SRR8691874.fastq.gz	ILSC.HET.22.HF	Mus musculus	ileum mucosal scrapings	2016-05	USA:Chicago	not applicable	16S rRNA gene amplicon sequences	male		Teklad Custom 37.5% Saturated Milk Fat Rodent Diet	ILSC.P2	Metagenome or environmental	86846	15295119	2019-08-02	2021-03-02	Reg3gHET_C57Bl/6J	22
SRR8691875		ftp.sra.ebi.ac.uk/vol1/fastq/SRR869/005/SRR8691875/SRR8691875.fastq.gz	ILSC.HET.22.HF	Mus musculus	ileum mucosal scrapings	2016-05	USA:Chicago	not applicable	16S rRNA gene amplicon sequences	male		Teklad Custom 37.5% Saturated Milk Fat Rodent Diet	ILSC.O2	Metagenome or environmental	40033	9630052	2019-08-02	2021-03-02	Reg3gHET_C57Bl/6J	22
SRR8691876		ftp.sra.ebi.ac.uk/vol1/fastq/SRR869/006/SRR8691876/SRR8691876.fastq.gz	ILSC.KO.22.HF	Mus musculus	ileum mucosal scrapings	2016-05	USA:Chicago	not applicable	16S rRNA gene amplicon sequences	male		Teklad Custom 37.5% Saturated Milk Fat Rodent Diet	ILSC.R2	Metagenome or environmental	135997	23591156	2019-08-02	2021-03-02	Reg3gKO_C57Bl/6J	22
SRR8691877		ftp.sra.ebi.ac.uk/vol1/fastq/SRR869/007/SRR8691877/SRR8691877.fastq.gz	ILSC.KO.22.RC	Mus musculus	ileum mucosal scrapings	2016-05	USA:Chicago	not applicable	16S rRNA gene amplicon sequences	male		Teklad Global 18% Protein Rodent Diet	ILSC.Q2	Metagenome or environmental	106095	20869429	2019-08-02	2021-03-02	Reg3gKO_C57Bl/6J	22
SRR8691878		ftp.sra.ebi.ac.uk/vol1/fastq/SRR869/008/SRR8691878/SRR8691878.fastq.gz	ILSC.HET.22.RC	Mus musculus	ileum mucosal scrapings	2016-05	USA:Chicago	not applicable	16S rRNA gene amplicon sequences	male		Teklad Global 18% Protein Rodent Diet	ILSC.LL..	Metagenome or environmental	166324	39656814	2019-08-02	2021-03-02	Reg3gHET_C57Bl/6J	22
SRR8691879		ftp.sra.ebi.ac.uk/vol1/fastq/SRR869/009/SRR8691879/SRR8691879.fastq.gz	ILSC.HET.10.HF	Mus musculus	ileum mucosal scrapings	2016-05	USA:Chicago	not applicable	16S rRNA gene amplicon sequences	male		Teklad Custom 37.5% Saturated Milk Fat Rodent Diet	ILSC.N..	Metagenome or environmental	71176	14530686	2019-08-02	2021-03-02	Reg3gHET_C57Bl/6J	10
SRR8691880		ftp.sra.ebi.ac.uk/vol1/fastq/SRR869/000/SRR8691880/SRR8691880.fastq.gz	ILSC.HET.18.RC	Mus musculus	ileum mucosal scrapings	2016-05	USA:Chicago	not applicable	16S rRNA gene amplicon sequences	male		Teklad Global 18% Protein Rodent Diet	ILSC.U	Metagenome or environmental	24237	6103986	2019-08-02	2021-05-07	Reg3gHET_C57Bl/6J	18
SRR8691881		ftp.sra.ebi.ac.uk/vol1/fastq/SRR869/001/SRR8691881/SRR8691881.fastq.gz	ILC.HET.2.HF	Mus musculus	ileum contents	2016-05	USA:Chicago	not applicable	16S rRNA gene amplicon sequences	male		Teklad Custom 37.5% Saturated Milk Fat Rodent Diet	ILC.P1	Metagenome or environmental	51718	12993154	2019-08-02	2021-05-07	Reg3gKO_C57Bl/6J	2
SRR8691882		ftp.sra.ebi.ac.uk/vol1/fastq/SRR869/002/SRR8691882/SRR8691882.fastq.gz	ILC.HET.2.RC	Mus musculus	ileum contents	2016-05	USA:Chicago	not applicable	16S rRNA gene amplicon sequences	male		Teklad Global 18% Protein Rodent Diet	ILC.O1	Metagenome or environmental	46256	11686944	2019-08-02	2021-05-07	Reg3gKO_C57Bl/6J	2
SRR8691883		ftp.sra.ebi.ac.uk/vol1/fastq/SRR869/003/SRR8691883/SRR8691883.fastq.gz	ILC.KO.22.HF	Mus musculus	ileum contents	2016-05	USA:Chicago	not applicable	16S rRNA gene amplicon sequences	male		Teklad Custom 37.5% Saturated Milk Fat Rodent Diet	ILC.N1	Metagenome or environmental	66001	12616544	2019-08-02	2021-05-07	Reg3gKO_C57Bl/6J	22
SRR8691884		ftp.sra.ebi.ac.uk/vol1/fastq/SRR869/004/SRR8691884/SRR8691884.fastq.gz	ILC.KO.22.HF	Mus musculus	ileum contents	2016-05	USA:Chicago	not applicable	16S rRNA gene amplicon sequences	male		Teklad Custom 37.5% Saturated Milk Fat Rodent Diet	ILC.M1	Metagenome or environmental	61948	15404078	2019-08-02	2021-05-07	Reg3gKO_C57Bl/6J	22
SRR8691885		ftp.sra.ebi.ac.uk/vol1/fastq/SRR869/005/SRR8691885/SRR8691885.fastq.gz	ILC.KO.6.HF	Mus musculus	ileum contents	2016-05	USA:Chicago	not applicable	16S rRNA gene amplicon sequences	male		Teklad Custom 37.5% Saturated Milk Fat Rodent Diet	ILC.T1	Metagenome or environmental	65673	16372082	2019-08-02	2021-05-07	Reg3gKO_C57Bl/6J	6
SRR8691886		ftp.sra.ebi.ac.uk/vol1/fastq/SRR869/006/SRR8691886/SRR8691886.fastq.gz	ILC.HET.6.HF	Mus musculus	ileum contents	2016-05	USA:Chicago	not applicable	16S rRNA gene amplicon sequences	male		Teklad Custom 37.5% Saturated Milk Fat Rodent Diet	ILC.S1	Metagenome or environmental	76055	19182689	2019-08-02	2021-05-07	Reg3gKO_C57Bl/6J	6
SRR8691887		ftp.sra.ebi.ac.uk/vol1/fastq/SRR869/007/SRR8691887/SRR8691887.fastq.gz	ILC.HET.6.RC	Mus musculus	ileum contents	2016-05	USA:Chicago	not applicable	16S rRNA gene amplicon sequences	male		Teklad Global 18% Protein Rodent Diet	ILC.R1	Metagenome or environmental	57200	14429359	2019-08-02	2021-05-07	Reg3gKO_C57Bl/6J	6
SRR8691888		ftp.sra.ebi.ac.uk/vol1/fastq/SRR869/008/SRR8691888/SRR8691888.fastq.gz	ILC.HET.6.RC	Mus musculus	ileum contents	2016-05	USA:Chicago	not applicable	16S rRNA gene amplicon sequences	male		Teklad Global 18% Protein Rodent Diet	ILC.Q1	Metagenome or environmental	13081	3285952	2019-08-02	2021-05-07	Reg3gKO_C57Bl/6J	6
SRR8691889		ftp.sra.ebi.ac.uk/vol1/fastq/SRR869/009/SRR8691889/SRR8691889.fastq.gz	ILSC.HET.22.HF	Mus musculus	ileum mucosal scrapings	2016-05	USA:Chicago	not applicable	16S rRNA gene amplicon sequences	male		Teklad Custom 37.5% Saturated Milk Fat Rodent Diet	ILSC.Z	Metagenome or environmental	16222	4061633	2019-08-02	2021-05-07	Reg3gHET_C57Bl/6J	22
SRR8691890		ftp.sra.ebi.ac.uk/vol1/fastq/SRR869/000/SRR8691890/SRR8691890.fastq.gz	ILC.HET.10.RC	Mus musculus	ileum contents	2016-05	USA:Chicago	not applicable	16S rRNA gene amplicon sequences	male		Teklad Global 18% Protein Rodent Diet	ILC.V1	Metagenome or environmental	52347	13202191	2019-08-02	2021-05-07	Reg3gHET_C57Bl/6J	10
SRR8691891		ftp.sra.ebi.ac.uk/vol1/fastq/SRR869/001/SRR8691891/SRR8691891.fastq.gz	ILC.HET.10.RC	Mus musculus	ileum contents	2016-05	USA:Chicago	not applicable	16S rRNA gene amplicon sequences	male		Teklad Global 18% Protein Rodent Diet	ILC.U1	Metagenome or environmental	66052	16688049	2019-08-02	2021-05-07	Reg3gHET_C57Bl/6J	10
SRR8691892		ftp.sra.ebi.ac.uk/vol1/fastq/SRR869/002/SRR8691892/SRR8691892.fastq.gz	ILSC.HET.14.HF	Mus musculus	ileum mucosal scrapings	2016-05	USA:Chicago	not applicable	16S rRNA gene amplicon sequences	male		Teklad Custom 37.5% Saturated Milk Fat Rodent Diet	ILSC.D2	Metagenome or environmental	72654	14087185	2019-08-02	2021-03-02	Reg3gHET_C57Bl/6J	14
SRR8691893		ftp.sra.ebi.ac.uk/vol1/fastq/SRR869/003/SRR8691893/SRR8691893.fastq.gz	ILSC.HET.14.HF	Mus musculus	ileum mucosal scrapings	2016-05	USA:Chicago	not applicable	16S rRNA gene amplicon sequences	male		Teklad Custom 37.5% Saturated Milk Fat Rodent Diet	ILSC.C2	Metagenome or environmental	71253	12816285	2019-08-02	2021-03-02	Reg3gHET_C57Bl/6J	14
SRR8691894		ftp.sra.ebi.ac.uk/vol1/fastq/SRR869/004/SRR8691894/SRR8691894.fastq.gz	ILSC.HET.10.HF	Mus musculus	ileum mucosal scrapings	2016-05	USA:Chicago	not applicable	16S rRNA gene amplicon sequences	male		Teklad Custom 37.5% Saturated Milk Fat Rodent Diet	ILSC.X1	Metagenome or environmental	23	5805	2019-08-02	2021-03-02	Reg3gHET_C57Bl/6J	10
SRR8691895		ftp.sra.ebi.ac.uk/vol1/fastq/SRR869/005/SRR8691895/SRR8691895.fastq.gz	ILSC.HET.10.HF	Mus musculus	ileum mucosal scrapings	2016-05	USA:Chicago	not applicable	16S rRNA gene amplicon sequences	male		Teklad Custom 37.5% Saturated Milk Fat Rodent Diet	ILSC.W1	Metagenome or environmental	24	6060	2019-08-02	2021-03-02	Reg3gHET_C57Bl/6J	10
SRR8691896		ftp.sra.ebi.ac.uk/vol1/fastq/SRR869/006/SRR8691896/SRR8691896.fastq.gz	ILSC.HET.10.RC	Mus musculus	ileum mucosal scrapings	2016-05	USA:Chicago	not applicable	16S rRNA gene amplicon sequences	male		Teklad Global 18% Protein Rodent Diet	ILSC.V1	Metagenome or environmental	30266	6418747	2019-08-02	2021-03-02	Reg3gHET_C57Bl/6J	10
SRR8691897		ftp.sra.ebi.ac.uk/vol1/fastq/SRR869/007/SRR8691897/SRR8691897.fastq.gz	ILSC.HET.10.RC	Mus musculus	ileum mucosal scrapings	2016-05	USA:Chicago	not applicable	16S rRNA gene amplicon sequences	male		Teklad Global 18% Protein Rodent Diet	ILSC.U1	Metagenome or environmental	54159	10475128	2019-08-02	2021-03-02	Reg3gHET_C57Bl/6J	10
SRR8691898		ftp.sra.ebi.ac.uk/vol1/fastq/SRR869/008/SRR8691898/SRR8691898.fastq.gz	ILSC.HET.14.RC	Mus musculus	ileum mucosal scrapings	2016-05	USA:Chicago	not applicable	16S rRNA gene amplicon sequences	male		Teklad Global 18% Protein Rodent Diet	ILSC.B2	Metagenome or environmental	84187	15194125	2019-08-02	2021-03-02	Reg3gHET_C57Bl/6J	14
SRR8691899		ftp.sra.ebi.ac.uk/vol1/fastq/SRR869/009/SRR8691899/SRR8691899.fastq.gz	ILSC.HI.10.HF	Mus musculus	ileum mucosal scrapings	2016-05	USA:Chicago	not applicable	16S rRNA gene amplicon sequences	male		Teklad Custom 37.5% Saturated Milk Fat Rodent Diet	ILSC.A1	Metagenome or environmental	53973	13466219	2019-08-02	2021-03-02	Reg3gKO_C57Bl/6J	10
SRR8691900		ftp.sra.ebi.ac.uk/vol1/fastq/SRR869/000/SRR8691900/SRR8691900.fastq.gz	ILSC.HI.10.HF	Mus musculus	ileum mucosal scrapings	2016-05	USA:Chicago	not applicable	16S rRNA gene amplicon sequences	male		Teklad Custom 37.5% Saturated Milk Fat Rodent Diet	ILSC.Z1	Metagenome or environmental	23	5809	2019-08-02	2021-03-02	Reg3gKO_C57Bl/6J	10
SRR8691901		ftp.sra.ebi.ac.uk/vol1/fastq/SRR869/001/SRR8691901/SRR8691901.fastq.gz	ILSC.HI.10.RC	Mus musculus	ileum mucosal scrapings	2016-05	USA:Chicago	not applicable	16S rRNA gene amplicon sequences	male		Teklad Global 18% Protein Rodent Diet	ILSC.Y1	Metagenome or environmental	24	6084	2019-08-02	2021-03-02	Reg3gKO_C57Bl/6J	10
SRR8691902		ftp.sra.ebi.ac.uk/vol1/fastq/SRR869/002/SRR8691902/SRR8691902.fastq.gz	ILC.KO.2.HF	Mus musculus	ileum contents	2016-05	USA:Chicago	not applicable	16S rRNA gene amplicon sequences	male		Teklad Custom 37.5% Saturated Milk Fat Rodent Diet	ILC.B	Metagenome or environmental	11451	2887999	2019-08-02	2021-05-07	Reg3gKO_C57Bl/6J	2
SRR8691903		ftp.sra.ebi.ac.uk/vol1/fastq/SRR869/003/SRR8691903/SRR8691903.fastq.gz	ILC.KO.2.HF	Mus musculus	ileum contents	2016-05	USA:Chicago	not applicable	16S rRNA gene amplicon sequences	male		Teklad Custom 37.5% Saturated Milk Fat Rodent Diet	ILC.QQ	Metagenome or environmental	49420	12461476	2019-08-02	2021-05-07	Reg3gKO_C57Bl/6J	2
SRR8691904		ftp.sra.ebi.ac.uk/vol1/fastq/SRR869/004/SRR8691904/SRR8691904.fastq.gz	ILC.KO.2.HF	Mus musculus	ileum contents	2016-05	USA:Chicago	not applicable	16S rRNA gene amplicon sequences	male		Teklad Custom 37.5% Saturated Milk Fat Rodent Diet	ILC.RR	Metagenome or environmental	43456	10969176	2019-08-02	2021-05-07	Reg3gKO_C57Bl/6J	2
SRR8691905		ftp.sra.ebi.ac.uk/vol1/fastq/SRR869/005/SRR8691905/SRR8691905.fastq.gz	ILC.KO.2.RC	Mus musculus	ileum contents	2016-05	USA:Chicago	not applicable	16S rRNA gene amplicon sequences	male		Teklad Global 18% Protein Rodent Diet	ILC.OO	Metagenome or environmental	60379	15237327	2019-08-02	2021-05-07	Reg3gKO_C57Bl/6J	2
SRR8691906		ftp.sra.ebi.ac.uk/vol1/fastq/SRR869/006/SRR8691906/SRR8691906.fastq.gz	ILC.KO.2.RC	Mus musculus	ileum contents	2016-05	USA:Chicago	not applicable	16S rRNA gene amplicon sequences	male		Teklad Global 18% Protein Rodent Diet	ILC.PP	Metagenome or environmental	56374	14225180	2019-08-02	2021-05-07	Reg3gKO_C57Bl/6J	2
SRR8691907		ftp.sra.ebi.ac.uk/vol1/fastq/SRR869/007/SRR8691907/SRR8691907.fastq.gz	ILC.KO.2.RC	Mus musculus	ileum contents	2016-05	USA:Chicago	not applicable	16S rRNA gene amplicon sequences	male		Teklad Global 18% Protein Rodent Diet	ILC.A	Metagenome or environmental	26066	6567173	2019-08-02	2021-05-07	Reg3gKO_C57Bl/6J	2
SRR8691908		ftp.sra.ebi.ac.uk/vol1/fastq/SRR869/008/SRR8691908/SRR8691908.fastq.gz	ILC.KO.2.RC	Mus musculus	ileum contents	2016-05	USA:Chicago	not applicable	16S rRNA gene amplicon sequences	male		Teklad Global 18% Protein Rodent Diet	ILC.NN	Metagenome or environmental	52896	13335253	2019-08-02	2021-05-07	Reg3gKO_C57Bl/6J	2
SRR8691909		ftp.sra.ebi.ac.uk/vol1/fastq/SRR869/009/SRR8691909/SRR8691909.fastq.gz	ILC.HET.18.HF	Mus musculus	ileum contents	2016-05	USA:Chicago	not applicable	16S rRNA gene amplicon sequences	male		Teklad Custom 37.5% Saturated Milk Fat Rodent Diet	ILC.KK	Metagenome or environmental	53824	13608899	2019-08-02	2021-05-07	Reg3gHET_C57Bl/6J	18
SRR8691910		ftp.sra.ebi.ac.uk/vol1/fastq/SRR869/000/SRR8691910/SRR8691910.fastq.gz	ILC.HET.22.RC	Mus musculus	ileum contents	2016-05	USA:Chicago	not applicable	16S rRNA gene amplicon sequences	male		Teklad Global 18% Protein Rodent Diet	ILC.LL	Metagenome or environmental	59937	15123882	2019-08-02	2021-05-07	Reg3gHET_C57Bl/6J	22
SRR8691911		ftp.sra.ebi.ac.uk/vol1/fastq/SRR869/001/SRR8691911/SRR8691911.fastq.gz	ILC.HET.14.HF	Mus musculus	ileum contents	2016-05	USA:Chicago	not applicable	16S rRNA gene amplicon sequences	male		Teklad Custom 37.5% Saturated Milk Fat Rodent Diet	ILC.II	Metagenome or environmental	50497	12050492	2019-08-02	2021-05-07	Reg3gHET_C57Bl/6J	14
SRR8691912		ftp.sra.ebi.ac.uk/vol1/fastq/SRR869/002/SRR8691912/SRR8691912.fastq.gz	ILC.HET.18.RC	Mus musculus	ileum contents	2016-05	USA:Chicago	not applicable	16S rRNA gene amplicon sequences	male		Teklad Global 18% Protein Rodent Diet	ILC.JJ	Metagenome or environmental	32225	8081988	2019-08-02	2021-05-07	Reg3gHET_C57Bl/6J	18
SRR8691913		ftp.sra.ebi.ac.uk/vol1/fastq/SRR869/003/SRR8691913/SRR8691913.fastq.gz	ILC.HET.2.HF	Mus musculus	ileum contents	2016-05	USA:Chicago	not applicable	16S rRNA gene amplicon sequences	male		Teklad Custom 37.5% Saturated Milk Fat Rodent Diet	ILC.D	Metagenome or environmental	38346	9652557	2019-08-02	2021-05-07	Reg3gHET_C57Bl/6J	2
SRR8691914		ftp.sra.ebi.ac.uk/vol1/fastq/SRR869/004/SRR8691914/SRR8691914.fastq.gz	ILC.HET.2.RC	Mus musculus	ileum contents	2016-05	USA:Chicago	not applicable	16S rRNA gene amplicon sequences	male		Teklad Global 18% Protein Rodent Diet	ILC.C	Metagenome or environmental	39328	9925695	2019-08-02	2021-05-07	Reg3gHET_C57Bl/6J	2
SRR8691915		ftp.sra.ebi.ac.uk/vol1/fastq/SRR869/005/SRR8691915/SRR8691915.fastq.gz	ILC.HET.2.HF	Mus musculus	ileum contents	2016-05	USA:Chicago	not applicable	16S rRNA gene amplicon sequences	male		Teklad Custom 37.5% Saturated Milk Fat Rodent Diet	ILC.F	Metagenome or environmental	20102	5067651	2019-08-02	2021-05-07	Reg3gHET_C57Bl/6J	2
SRR8691916		ftp.sra.ebi.ac.uk/vol1/fastq/SRR869/006/SRR8691916/SRR8691916.fastq.gz	ILC.HET.22.HF	Mus musculus	ileum contents	2016-05	USA:Chicago	not applicable	16S rRNA gene amplicon sequences	male		Teklad Custom 37.5% Saturated Milk Fat Rodent Diet	ILC.MM	Metagenome or environmental	66359	13413082	2019-08-02	2021-05-07	Reg3gHET_C57Bl/6J	22
SRR8691917		ftp.sra.ebi.ac.uk/vol1/fastq/SRR869/007/SRR8691917/SRR8691917.fastq.gz	ILC.HET.2.RC	Mus musculus	ileum contents	2016-05	USA:Chicago	not applicable	16S rRNA gene amplicon sequences	male		Teklad Global 18% Protein Rodent Diet	ILC.E	Metagenome or environmental	9007	2276274	2019-08-02	2021-05-07	Reg3gHET_C57Bl/6J	2
SRR8691918		ftp.sra.ebi.ac.uk/vol1/fastq/SRR869/008/SRR8691918/SRR8691918.fastq.gz	ILC.KO.6.HF	Mus musculus	ileum contents	2016-05	USA:Chicago	not applicable	16S rRNA gene amplicon sequences	male		Teklad Custom 37.5% Saturated Milk Fat Rodent Diet	ILC.H	Metagenome or environmental	2533	640512	2019-08-02	2021-05-07	Reg3gKO_C57Bl/6J	6
SRR8691919		ftp.sra.ebi.ac.uk/vol1/fastq/SRR869/009/SRR8691919/SRR8691919.fastq.gz	ILC.KO.6.RC	Mus musculus	ileum contents	2016-05	USA:Chicago	not applicable	16S rRNA gene amplicon sequences	male		Teklad Global 18% Protein Rodent Diet	ILC.G	Metagenome or environmental	28594	7214317	2019-08-02	2021-05-07	Reg3gKO_C57Bl/6J	6
SRR8691920		ftp.sra.ebi.ac.uk/vol1/fastq/SRR869/000/SRR8691920/SRR8691920.fastq.gz	ILSC.KO.6.HF	Mus musculus	ileum mucosal scrapings	2016-05	USA:Chicago	not applicable	16S rRNA gene amplicon sequences	male		Teklad Custom 37.5% Saturated Milk Fat Rodent Diet	ILSC.WW	Metagenome or environmental	70587	15233858	2019-08-02	2021-03-02	Reg3gKO_C57Bl/6J	6
SRR8691921		ftp.sra.ebi.ac.uk/vol1/fastq/SRR869/001/SRR8691921/SRR8691921.fastq.gz	ILSC.KO.6.HF	Mus musculus	ileum mucosal scrapings	2016-05	USA:Chicago	not applicable	16S rRNA gene amplicon sequences	male		Teklad Custom 37.5% Saturated Milk Fat Rodent Diet	ILSC.XX	Metagenome or environmental	76281	16755057	2019-08-02	2021-03-02	Reg3gKO_C57Bl/6J	6
SRR8691922		ftp.sra.ebi.ac.uk/vol1/fastq/SRR869/002/SRR8691922/SRR8691922.fastq.gz	ILSC.KO.6.RC	Mus musculus	ileum mucosal scrapings	2016-05	USA:Chicago	not applicable	16S rRNA gene amplicon sequences	male		Teklad Global 18% Protein Rodent Diet	ILSC.UU	Metagenome or environmental	62028	14008865	2019-08-02	2021-05-07	Reg3gKO_C57Bl/6J	6
SRR8691923		ftp.sra.ebi.ac.uk/vol1/fastq/SRR869/003/SRR8691923/SRR8691923.fastq.gz	ILSC.KO.6.RC	Mus musculus	ileum mucosal scrapings	2016-05	USA:Chicago	not applicable	16S rRNA gene amplicon sequences	male		Teklad Global 18% Protein Rodent Diet	ILSC.VV	Metagenome or environmental	14	3538	2019-08-02	2021-05-07	Reg3gKO_C57Bl/6J	6
SRR8691924		ftp.sra.ebi.ac.uk/vol1/fastq/SRR869/004/SRR8691924/SRR8691924.fastq.gz	ILSC.KO.2.HF	Mus musculus	ileum mucosal scrapings	2016-05	USA:Chicago	not applicable	16S rRNA gene amplicon sequences	male		Teklad Custom 37.5% Saturated Milk Fat Rodent Diet	ILSC.SS	Metagenome or environmental	59002	11934694	2019-08-02	2021-05-07	Reg3gKO_C57Bl/6J	2
SRR8691925		ftp.sra.ebi.ac.uk/vol1/fastq/SRR869/005/SRR8691925/SRR8691925.fastq.gz	ILSC.KO.6.RC	Mus musculus	ileum mucosal scrapings	2016-05	USA:Chicago	not applicable	16S rRNA gene amplicon sequences	male		Teklad Global 18% Protein Rodent Diet	ILSC.TT	Metagenome or environmental	60497	13736132	2019-08-02	2021-05-07	Reg3gKO_C57Bl/6J	6
SRR8691926		ftp.sra.ebi.ac.uk/vol1/fastq/SRR869/006/SRR8691926/SRR8691926.fastq.gz	ILSC.KO.2.HF	Mus musculus	ileum mucosal scrapings	2016-05	USA:Chicago	not applicable	16S rRNA gene amplicon sequences	male		Teklad Custom 37.5% Saturated Milk Fat Rodent Diet	ILSC.QQ	Metagenome or environmental	75480	13842329	2019-08-02	2021-05-07	Reg3gKO_C57Bl/6J	2
SRR8691927		ftp.sra.ebi.ac.uk/vol1/fastq/SRR869/007/SRR8691927/SRR8691927.fastq.gz	ILSC.KO.2.HF	Mus musculus	ileum mucosal scrapings	2016-05	USA:Chicago	not applicable	16S rRNA gene amplicon sequences	male		Teklad Custom 37.5% Saturated Milk Fat Rodent Diet	ILSC.RR	Metagenome or environmental	60607	10518068	2019-08-02	2021-05-07	Reg3gKO_C57Bl/6J	2
SRR8691928		ftp.sra.ebi.ac.uk/vol1/fastq/SRR869/008/SRR8691928/SRR8691928.fastq.gz	ILC.HET.6.RC	Mus musculus	ileum contents	2016-05	USA:Chicago	not applicable	16S rRNA gene amplicon sequences	male		Teklad Global 18% Protein Rodent Diet	ILC.I	Metagenome or environmental	27230	6882915	2019-08-02	2021-05-07	Reg3gHET_C57Bl/6J	6
SRR8691929		ftp.sra.ebi.ac.uk/vol1/fastq/SRR869/009/SRR8691929/SRR8691929.fastq.gz	ILSC.KO.10.RC	Mus musculus	ileum mucosal scrapings	2016-05	USA:Chicago	not applicable	16S rRNA gene amplicon sequences	male		Teklad Global 18% Protein Rodent Diet	ILSC.YY	Metagenome or environmental	21	5309	2019-08-02	2021-03-02	Reg3gKO_C57Bl/6J	10
SRR8691930		ftp.sra.ebi.ac.uk/vol1/fastq/SRR869/000/SRR8691930/SRR8691930.fastq.gz	ILSC.KO.10.RC	Mus musculus	ileum mucosal scrapings	2016-05	USA:Chicago	not applicable	16S rRNA gene amplicon sequences	male		Teklad Global 18% Protein Rodent Diet	ILSC.ZZ	Metagenome or environmental	18	4550	2019-08-02	2021-03-02	Reg3gKO_C57Bl/6J	10
SRR8691931		ftp.sra.ebi.ac.uk/vol1/fastq/SRR869/001/SRR8691931/SRR8691931.fastq.gz	ILC.KO.18.HF	Mus musculus	ileum contents	2016-05	USA:Chicago	not applicable	16S rRNA gene amplicon sequences	male		Teklad Custom 37.5% Saturated Milk Fat Rodent Diet	ILC.T	Metagenome or environmental	19545	4925361	2019-08-02	2021-05-07	Reg3gKO_C57Bl/6J	18
SRR8691932		ftp.sra.ebi.ac.uk/vol1/fastq/SRR869/002/SRR8691932/SRR8691932.fastq.gz	ILC.KO.18.RC	Mus musculus	ileum contents	2016-05	USA:Chicago	not applicable	16S rRNA gene amplicon sequences	male		Teklad Global 18% Protein Rodent Diet	ILC.S	Metagenome or environmental	8016	2026064	2019-08-02	2021-05-07	Reg3gKO_C57Bl/6J	18
SRR8691933		ftp.sra.ebi.ac.uk/vol1/fastq/SRR869/003/SRR8691933/SRR8691933.fastq.gz	ILC.HET.10.HF	Mus musculus	ileum contents	2016-05	USA:Chicago	not applicable	16S rRNA gene amplicon sequences	male		Teklad Custom 37.5% Saturated Milk Fat Rodent Diet	ILC.N	Metagenome or environmental	25178	6346413	2019-08-02	2021-05-07	Reg3gHET_C57Bl/6J	10
SRR8691934		ftp.sra.ebi.ac.uk/vol1/fastq/SRR869/004/SRR8691934/SRR8691934.fastq.gz	ILC.HET.10.RC	Mus musculus	ileum contents	2016-05	USA:Chicago	not applicable	16S rRNA gene amplicon sequences	male		Teklad Global 18% Protein Rodent Diet	ILC.M	Metagenome or environmental	15948	3958851	2019-08-02	2021-05-07	Reg3gHET_C57Bl/6J	10
SRR8691935		ftp.sra.ebi.ac.uk/vol1/fastq/SRR869/005/SRR8691935/SRR8691935.fastq.gz	ILC.KO.10.HF	Mus musculus	ileum contents	2016-05	USA:Chicago	not applicable	16S rRNA gene amplicon sequences	male		Teklad Custom 37.5% Saturated Milk Fat Rodent Diet	ILC.L	Metagenome or environmental	46588	11707987	2019-08-02	2021-05-07	Reg3gKO_C57Bl/6J	10
SRR8691936		ftp.sra.ebi.ac.uk/vol1/fastq/SRR869/006/SRR8691936/SRR8691936.fastq.gz	ILC.KO.10.RC	Mus musculus	ileum contents	2016-05	USA:Chicago	not applicable	16S rRNA gene amplicon sequences	male		Teklad Global 18% Protein Rodent Diet	ILC.K	Metagenome or environmental	31548	7959956	2019-08-02	2021-05-07	Reg3gKO_C57Bl/6J	10
SRR8691937		ftp.sra.ebi.ac.uk/vol1/fastq/SRR869/007/SRR8691937/SRR8691937.fastq.gz	ILC.HET.14.HF	Mus musculus	ileum contents	2016-05	USA:Chicago	not applicable	16S rRNA gene amplicon sequences	male		Teklad Custom 37.5% Saturated Milk Fat Rodent Diet	ILC.R	Metagenome or environmental	14763	3723597	2019-08-02	2021-05-07	Reg3gHET_C57Bl/6J	14
SRR8691938		ftp.sra.ebi.ac.uk/vol1/fastq/SRR869/008/SRR8691938/SRR8691938.fastq.gz	ILC.HET.14.RC	Mus musculus	ileum contents	2016-05	USA:Chicago	not applicable	16S rRNA gene amplicon sequences	male		Teklad Global 18% Protein Rodent Diet	ILC.Q	Metagenome or environmental	15870	4011729	2019-08-02	2021-05-07	Reg3gHET_C57Bl/6J	14
SRR8691939		ftp.sra.ebi.ac.uk/vol1/fastq/SRR869/009/SRR8691939/SRR8691939.fastq.gz	ILC.KO.14.HF	Mus musculus	ileum contents	2016-05	USA:Chicago	not applicable	16S rRNA gene amplicon sequences	male		Teklad Custom 37.5% Saturated Milk Fat Rodent Diet	ILC.P	Metagenome or environmental	23828	5999539	2019-08-02	2021-05-07	Reg3gKO_C57Bl/6J	14
SRR8691940		ftp.sra.ebi.ac.uk/vol1/fastq/SRR869/000/SRR8691940/SRR8691940.fastq.gz	ILC.KO.14.RC	Mus musculus	ileum contents	2016-05	USA:Chicago	not applicable	16S rRNA gene amplicon sequences	male		Teklad Global 18% Protein Rodent Diet	ILC.O	Metagenome or environmental	36723	9261882	2019-08-02	2021-05-07	Reg3gKO_C57Bl/6J	14
SRR8691941		ftp.sra.ebi.ac.uk/vol1/fastq/SRR869/001/SRR8691941/SRR8691941.fastq.gz	ILSC.KO.14.HF	Mus musculus	ileum mucosal scrapings	2016-05	USA:Chicago	not applicable	16S rRNA gene amplicon sequences	male		Teklad Custom 37.5% Saturated Milk Fat Rodent Diet	ILSC.F1	Metagenome or environmental	44821	9681654	2019-08-02	2021-03-02	Reg3gKO_C57Bl/6J	14
SRR8691942		ftp.sra.ebi.ac.uk/vol1/fastq/SRR869/002/SRR8691942/SRR8691942.fastq.gz	ILSC.KO.14.HF	Mus musculus	ileum mucosal scrapings	2016-05	USA:Chicago	not applicable	16S rRNA gene amplicon sequences	male		Teklad Custom 37.5% Saturated Milk Fat Rodent Diet	ILSC.E1	Metagenome or environmental	81343	16622313	2019-08-02	2021-03-02	Reg3gKO_C57Bl/6J	14
SRR8691943		ftp.sra.ebi.ac.uk/vol1/fastq/SRR869/003/SRR8691943/SRR8691943.fastq.gz	ILSC.KO.18.RC	Mus musculus	ileum mucosal scrapings	2016-05	USA:Chicago	not applicable	16S rRNA gene amplicon sequences	male		Teklad Global 18% Protein Rodent Diet	ILSC.H1	Metagenome or environmental	81905	18871852	2019-08-02	2021-03-02	Reg3gKO_C57Bl/6J	18
SRR8691944		ftp.sra.ebi.ac.uk/vol1/fastq/SRR869/004/SRR8691944/SRR8691944.fastq.gz	ILSC.KO.18.RC	Mus musculus	ileum mucosal scrapings	2016-05	USA:Chicago	not applicable	16S rRNA gene amplicon sequences	male		Teklad Global 18% Protein Rodent Diet	ILSC.G1	Metagenome or environmental	75119	16271845	2019-08-02	2021-03-02	Reg3gKO_C57Bl/6J	18
SRR8691945		ftp.sra.ebi.ac.uk/vol1/fastq/SRR869/005/SRR8691945/SRR8691945.fastq.gz	ILSC.KO.10.HF	Mus musculus	ileum mucosal scrapings	2016-05	USA:Chicago	not applicable	16S rRNA gene amplicon sequences	male		Teklad Custom 37.5% Saturated Milk Fat Rodent Diet	ILSC.B1	Metagenome or environmental	70364	15042043	2019-08-02	2021-03-02	Reg3gKO_C57Bl/6J	10
SRR8691946		ftp.sra.ebi.ac.uk/vol1/fastq/SRR869/006/SRR8691946/SRR8691946.fastq.gz	ILSC.KO.10.HF	Mus musculus	ileum mucosal scrapings	2016-05	USA:Chicago	not applicable	16S rRNA gene amplicon sequences	male		Teklad Custom 37.5% Saturated Milk Fat Rodent Diet	ILSC.A1.1	Metagenome or environmental	54779	12731448	2019-08-02	2021-03-02	Reg3gKO_C57Bl/6J	10
SRR8691947		ftp.sra.ebi.ac.uk/vol1/fastq/SRR869/007/SRR8691947/SRR8691947.fastq.gz	ILSC.KO.14.RC	Mus musculus	ileum mucosal scrapings	2016-05	USA:Chicago	not applicable	16S rRNA gene amplicon sequences	male		Teklad Global 18% Protein Rodent Diet	ILSC.D1	Metagenome or environmental	70026	15128983	2019-08-02	2021-03-02	Reg3gKO_C57Bl/6J	14
SRR8691948		ftp.sra.ebi.ac.uk/vol1/fastq/SRR869/008/SRR8691948/SRR8691948.fastq.gz	ILSC.KO.14.RC	Mus musculus	ileum mucosal scrapings	2016-05	USA:Chicago	not applicable	16S rRNA gene amplicon sequences	male		Teklad Global 18% Protein Rodent Diet	ILSC.C1	Metagenome or environmental	64103	13175937	2019-08-02	2021-03-02	Reg3gKO_C57Bl/6J	14
SRR8691949		ftp.sra.ebi.ac.uk/vol1/fastq/SRR869/009/SRR8691949/SRR8691949.fastq.gz	ILSC.KO.18.HF	Mus musculus	ileum mucosal scrapings	2016-05	USA:Chicago	not applicable	16S rRNA gene amplicon sequences	male		Teklad Custom 37.5% Saturated Milk Fat Rodent Diet	ILSC.J	Metagenome or environmental	69537	16176100	2019-08-02	2021-03-02	Reg3gKO_C57Bl/6J	18
SRR8691950		ftp.sra.ebi.ac.uk/vol1/fastq/SRR869/000/SRR8691950/SRR8691950.fastq.gz	ILSC.KO.18.HF	Mus musculus	ileum mucosal scrapings	2016-05	USA:Chicago	not applicable	16S rRNA gene amplicon sequences	male		Teklad Custom 37.5% Saturated Milk Fat Rodent Diet	ILSC.I	Metagenome or environmental	56713	10708214	2019-08-02	2021-03-02	Reg3gKO_C57Bl/6J	18
SRR8691951		ftp.sra.ebi.ac.uk/vol1/fastq/SRR869/001/SRR8691951/SRR8691951.fastq.gz	ILC.KO.22.RC	Mus musculus	ileum contents	2016-05	USA:Chicago	not applicable	16S rRNA gene amplicon sequences	male		Teklad Global 18% Protein Rodent Diet	ILC.K1	Metagenome or environmental	60449	15277403	2019-08-02	2021-05-07	Reg3gKO_C57Bl/6J	22
SRR8691952		ftp.sra.ebi.ac.uk/vol1/fastq/SRR869/002/SRR8691952/SRR8691952.fastq.gz	ILC.KO.22.RC	Mus musculus	ileum contents	2016-05	USA:Chicago	not applicable	16S rRNA gene amplicon sequences	male		Teklad Global 18% Protein Rodent Diet	ILC.L1	Metagenome or environmental	56306	14198696	2019-08-02	2021-05-07	Reg3gKO_C57Bl/6J	22
SRR8691953		ftp.sra.ebi.ac.uk/vol1/fastq/SRR869/003/SRR8691953/SRR8691953.fastq.gz	ILSC.HET.18.HF	Mus musculus	ileum mucosal scrapings	2016-05	USA:Chicago	not applicable	16S rRNA gene amplicon sequences	male		Teklad Custom 37.5% Saturated Milk Fat Rodent Diet	ILSC.V	Metagenome or environmental	31511	7825657	2019-08-02	2021-05-07	Reg3gHET_C57Bl/6J	18
SRR8691954		ftp.sra.ebi.ac.uk/vol1/fastq/SRR869/004/SRR8691954/SRR8691954.fastq.gz	ILC.KO.18.RC	Mus musculus	ileum contents	2016-05	USA:Chicago	not applicable	16S rRNA gene amplicon sequences	male		Teklad Global 18% Protein Rodent Diet	ILC.G1	Metagenome or environmental	34332	8671320	2019-08-02	2021-05-07	Reg3gKO_C57Bl/6J	18
SRR8691955		ftp.sra.ebi.ac.uk/vol1/fastq/SRR869/005/SRR8691955/SRR8691955.fastq.gz	ILC.KO.18.RC	Mus musculus	ileum contents	2016-05	USA:Chicago	not applicable	16S rRNA gene amplicon sequences	male		Teklad Global 18% Protein Rodent Diet	ILC.H1	Metagenome or environmental	50236	12647888	2019-08-02	2021-05-07	Reg3gKO_C57Bl/6J	18
SRR8691956		ftp.sra.ebi.ac.uk/vol1/fastq/SRR869/006/SRR8691956/SRR8691956.fastq.gz	ILC.KO.18.HF	Mus musculus	ileum contents	2016-05	USA:Chicago	not applicable	16S rRNA gene amplicon sequences	male		Teklad Custom 37.5% Saturated Milk Fat Rodent Diet	ILC.I	Metagenome or environmental	41895	10545330	2019-08-02	2021-05-07	Reg3gKO_C57Bl/6J	18
SRR8691957		ftp.sra.ebi.ac.uk/vol1/fastq/SRR869/007/SRR8691957/SRR8691957.fastq.gz	ILC.KO.18.HF	Mus musculus	ileum contents	2016-05	USA:Chicago	not applicable	16S rRNA gene amplicon sequences	male		Teklad Custom 37.5% Saturated Milk Fat Rodent Diet	ILC.J	Metagenome or environmental	59163	14922903	2019-08-02	2021-05-07	Reg3gKO_C57Bl/6J	18
SRR8691958		ftp.sra.ebi.ac.uk/vol1/fastq/SRR869/008/SRR8691958/SRR8691958.fastq.gz	ILC.KO.14.RC	Mus musculus	ileum contents	2016-05	USA:Chicago	not applicable	16S rRNA gene amplicon sequences	male		Teklad Global 18% Protein Rodent Diet	ILC.C1	Metagenome or environmental	48186	12156743	2019-08-02	2021-05-07	Reg3gKO_C57Bl/6J	14
SRR8691959		ftp.sra.ebi.ac.uk/vol1/fastq/SRR869/009/SRR8691959/SRR8691959.fastq.gz	ILC.KO.14.RC	Mus musculus	ileum contents	2016-05	USA:Chicago	not applicable	16S rRNA gene amplicon sequences	male		Teklad Global 18% Protein Rodent Diet	ILC.D1	Metagenome or environmental	38816	9790017	2019-08-02	2021-05-07	Reg3gKO_C57Bl/6J	14
SRR8691960		ftp.sra.ebi.ac.uk/vol1/fastq/SRR869/000/SRR8691960/SRR8691960.fastq.gz	ILC.KO.14.HF	Mus musculus	ileum contents	2016-05	USA:Chicago	not applicable	16S rRNA gene amplicon sequences	male		Teklad Custom 37.5% Saturated Milk Fat Rodent Diet	ILC.E1	Metagenome or environmental	38695	9757049	2019-08-02	2021-05-07	Reg3gKO_C57Bl/6J	14
SRR8691961		ftp.sra.ebi.ac.uk/vol1/fastq/SRR869/001/SRR8691961/SRR8691961.fastq.gz	ILC.KO.14.HF	Mus musculus	ileum contents	2016-05	USA:Chicago	not applicable	16S rRNA gene amplicon sequences	male		Teklad Custom 37.5% Saturated Milk Fat Rodent Diet	ILC.F1	Metagenome or environmental	50774	12770385	2019-08-02	2021-05-07	Reg3gKO_C57Bl/6J	14
SRR8691962		ftp.sra.ebi.ac.uk/vol1/fastq/SRR869/002/SRR8691962/SRR8691962.fastq.gz	ILC.KO.22.RC	Mus musculus	ileum contents	2016-05	USA:Chicago	not applicable	16S rRNA gene amplicon sequences	male		Teklad Global 18% Protein Rodent Diet	ILC.Q2	Metagenome or environmental	86802	21846947	2019-08-02	2021-05-07	Reg3gKO_C57Bl/6J	22
SRR8691963		ftp.sra.ebi.ac.uk/vol1/fastq/SRR869/003/SRR8691963/SRR8691963.fastq.gz	ILC.KO.22.HF	Mus musculus	ileum contents	2016-05	USA:Chicago	not applicable	16S rRNA gene amplicon sequences	male		Teklad Custom 37.5% Saturated Milk Fat Rodent Diet	ILC.R2	Metagenome or environmental	1451	362353	2019-08-02	2021-05-07	Reg3gKO_C57Bl/6J	22
SRR8691964		ftp.sra.ebi.ac.uk/vol1/fastq/SRR869/004/SRR8691964/SRR8691964.fastq.gz	ILC.HET.10.HF	Mus musculus	ileum contents	2016-05	USA:Chicago	not applicable	16S rRNA gene amplicon sequences	male		Teklad Custom 37.5% Saturated Milk Fat Rodent Diet	ILC.N..	Metagenome or environmental	78175	19702041	2019-08-02	2021-05-07	Reg3gHET_C57Bl/6J	10
SRR8691965		ftp.sra.ebi.ac.uk/vol1/fastq/SRR869/005/SRR8691965/SRR8691965.fastq.gz	ILC.HET.22.RC	Mus musculus	ileum contents	2016-05	USA:Chicago	not applicable	16S rRNA gene amplicon sequences	male		Teklad Global 18% Protein Rodent Diet	ILC.LL..	Metagenome or environmental	90814	22925637	2019-08-02	2021-05-07	Reg3gHET_C57Bl/6J	22
SRR8691966		ftp.sra.ebi.ac.uk/vol1/fastq/SRR869/006/SRR8691966/SRR8691966.fastq.gz	ILSC.HET.2.RC	Mus musculus	ileum mucosal scrapings	2016-05	USA:Chicago	not applicable	16S rRNA gene amplicon sequences	male		Teklad Global 18% Protein Rodent Diet	ILSC.AA	Metagenome or environmental	53740	12391874	2019-08-02	2021-05-07	Reg3gHET_C57Bl/6J	2
SRR8691967		ftp.sra.ebi.ac.uk/vol1/fastq/SRR869/007/SRR8691967/SRR8691967.fastq.gz	ILSC.HET.2.HF	Mus musculus	ileum mucosal scrapings	2016-05	USA:Chicago	not applicable	16S rRNA gene amplicon sequences	male		Teklad Custom 37.5% Saturated Milk Fat Rodent Diet	ILSC.BB	Metagenome or environmental	57509	11073977	2019-08-02	2021-05-07	Reg3gHET_C57Bl/6J	2
SRR8691968		ftp.sra.ebi.ac.uk/vol1/fastq/SRR869/008/SRR8691968/SRR8691968.fastq.gz	ILSC.HET.6.RC	Mus musculus	ileum mucosal scrapings	2016-05	USA:Chicago	not applicable	16S rRNA gene amplicon sequences	male		Teklad Global 18% Protein Rodent Diet	ILSC.CC	Metagenome or environmental	66389	15465045	2019-08-02	2021-05-07	Reg3gHET_C57Bl/6J	6
SRR8691969		ftp.sra.ebi.ac.uk/vol1/fastq/SRR869/009/SRR8691969/SRR8691969.fastq.gz	ILSC.HET.6.HF	Mus musculus	ileum mucosal scrapings	2016-05	USA:Chicago	not applicable	16S rRNA gene amplicon sequences	male		Teklad Custom 37.5% Saturated Milk Fat Rodent Diet	ILSC.DD	Metagenome or environmental	64450	13428579	2019-08-02	2021-05-07	Reg3gHET_C57Bl/6J	6
SRR8691970		ftp.sra.ebi.ac.uk/vol1/fastq/SRR869/000/SRR8691970/SRR8691970.fastq.gz	ILSC.HET.6.HF	Mus musculus	ileum mucosal scrapings	2016-05	USA:Chicago	not applicable	16S rRNA gene amplicon sequences	male		Teklad Custom 37.5% Saturated Milk Fat Rodent Diet	ILSC.EE	Metagenome or environmental	58358	12048779	2019-08-02	2021-05-07	Reg3gHET_C57Bl/6J	6
SRR8691971		ftp.sra.ebi.ac.uk/vol1/fastq/SRR869/001/SRR8691971/SRR8691971.fastq.gz	ILSC.HET.10.RC	Mus musculus	ileum mucosal scrapings	2016-05	USA:Chicago	not applicable	16S rRNA gene amplicon sequences	male		Teklad Global 18% Protein Rodent Diet	ILSC.FF	Metagenome or environmental	52237	11121330	2019-08-02	2021-05-07	Reg3gHET_C57Bl/6J	10
SRR8691972		ftp.sra.ebi.ac.uk/vol1/fastq/SRR869/002/SRR8691972/SRR8691972.fastq.gz	ILSC.HET.2.HF	Mus musculus	ileum mucosal scrapings	2016-05	USA:Chicago	not applicable	16S rRNA gene amplicon sequences	male		Teklad Custom 37.5% Saturated Milk Fat Rodent Diet	ILSC.F	Metagenome or environmental	33377	7807565	2019-08-02	2021-05-07	Reg3gHET_C57Bl/6J	2
SRR8691973		ftp.sra.ebi.ac.uk/vol1/fastq/SRR869/003/SRR8691973/SRR8691973.fastq.gz	ILSC.HET.2.RC	Mus musculus	ileum mucosal scrapings	2016-05	USA:Chicago	not applicable	16S rRNA gene amplicon sequences	male		Teklad Global 18% Protein Rodent Diet	ILSC.E	Metagenome or environmental	17958	4468684	2019-08-02	2021-05-07	Reg3gHET_C57Bl/6J	2
SRR8691974		ftp.sra.ebi.ac.uk/vol1/fastq/SRR869/004/SRR8691974/SRR8691974.fastq.gz	ILSC.KO.6.HF	Mus musculus	ileum mucosal scrapings	2016-05	USA:Chicago	not applicable	16S rRNA gene amplicon sequences	male		Teklad Custom 37.5% Saturated Milk Fat Rodent Diet	ILSC.H	Metagenome or environmental	33018	6529195	2019-08-02	2021-05-07	Reg3gKO_C57Bl/6J	6
SRR8691975		ftp.sra.ebi.ac.uk/vol1/fastq/SRR869/005/SRR8691975/SRR8691975.fastq.gz	ILSC.KO.6.RC	Mus musculus	ileum mucosal scrapings	2016-05	USA:Chicago	not applicable	16S rRNA gene amplicon sequences	male		Teklad Global 18% Protein Rodent Diet	ILSC.G	Metagenome or environmental	32191	7459802	2019-08-02	2021-05-07	Reg3gKO_C57Bl/6J	6
SRR8691976		ftp.sra.ebi.ac.uk/vol1/fastq/SRR869/006/SRR8691976/SRR8691976.fastq.gz	ILSC.HET.6.HF	Mus musculus	ileum mucosal scrapings	2016-05	USA:Chicago	not applicable	16S rRNA gene amplicon sequences	male		Teklad Custom 37.5% Saturated Milk Fat Rodent Diet	ILSC.J	Metagenome or environmental	22787	5702678	2019-08-02	2021-05-07	Reg3gHET_C57Bl/6J	6
SRR8691977		ftp.sra.ebi.ac.uk/vol1/fastq/SRR869/007/SRR8691977/SRR8691977.fastq.gz	ILSC.HET.6.RC	Mus musculus	ileum mucosal scrapings	2016-05	USA:Chicago	not applicable	16S rRNA gene amplicon sequences	male		Teklad Global 18% Protein Rodent Diet	ILSC.I	Metagenome or environmental	22306	5082935	2019-08-02	2021-05-07	Reg3gHET_C57Bl/6J	6
SRR8691978		ftp.sra.ebi.ac.uk/vol1/fastq/SRR869/008/SRR8691978/SRR8691978.fastq.gz	ILSC.KO.10.HF	Mus musculus	ileum mucosal scrapings	2016-05	USA:Chicago	not applicable	16S rRNA gene amplicon sequences	male		Teklad Custom 37.5% Saturated Milk Fat Rodent Diet	ILSC.L	Metagenome or environmental	15169	3244436	2019-08-02	2021-05-07	Reg3gKO_C57Bl/6J	10
SRR8691979		ftp.sra.ebi.ac.uk/vol1/fastq/SRR869/009/SRR8691979/SRR8691979.fastq.gz	ILSC.KO.10.RC	Mus musculus	ileum mucosal scrapings	2016-05	USA:Chicago	not applicable	16S rRNA gene amplicon sequences	male		Teklad Global 18% Protein Rodent Diet	ILSC.K	Metagenome or environmental	16723	3876870	2019-08-02	2021-05-07	Reg3gKO_C57Bl/6J	10
SRR8691980		ftp.sra.ebi.ac.uk/vol1/fastq/SRR869/000/SRR8691980/SRR8691980.fastq.gz	ILSC.HET.10.HF	Mus musculus	ileum mucosal scrapings	2016-05	USA:Chicago	not applicable	16S rRNA gene amplicon sequences	male		Teklad Custom 37.5% Saturated Milk Fat Rodent Diet	ILSC.N	Metagenome or environmental	16779	3477087	2019-08-02	2021-05-07	Reg3gHET_C57Bl/6J	10
SRR8691981		ftp.sra.ebi.ac.uk/vol1/fastq/SRR869/001/SRR8691981/SRR8691981.fastq.gz	ILSC.HET.10.RC	Mus musculus	ileum mucosal scrapings	2016-05	USA:Chicago	not applicable	16S rRNA gene amplicon sequences	male		Teklad Global 18% Protein Rodent Diet	ILSC.M	Metagenome or environmental	14272	3505099	2019-08-02	2021-05-07	Reg3gHET_C57Bl/6J	10
SRR8691982		ftp.sra.ebi.ac.uk/vol1/fastq/SRR869/002/SRR8691982/SRR8691982.fastq.gz	ILSC.KO.2.RC	Mus musculus	ileum mucosal scrapings	2016-05	USA:Chicago	not applicable	16S rRNA gene amplicon sequences	male		Teklad Global 18% Protein Rodent Diet	ILSC.PP	Metagenome or environmental	56455	11422457	2019-08-02	2021-05-07	Reg3gKO_C57Bl/6J	2
SRR8691983		ftp.sra.ebi.ac.uk/vol1/fastq/SRR869/003/SRR8691983/SRR8691983.fastq.gz	ILSC.KO.2.RC	Mus musculus	ileum mucosal scrapings	2016-05	USA:Chicago	not applicable	16S rRNA gene amplicon sequences	male		Teklad Global 18% Protein Rodent Diet	ILSC.OO	Metagenome or environmental	73642	16111944	2019-08-02	2021-05-07	Reg3gKO_C57Bl/6J	2
SRR8691984		ftp.sra.ebi.ac.uk/vol1/fastq/SRR869/004/SRR8691984/SRR8691984.fastq.gz	ILSC.KO.2.RC	Mus musculus	ileum mucosal scrapings	2016-05	USA:Chicago	not applicable	16S rRNA gene amplicon sequences	male		Teklad Global 18% Protein Rodent Diet	ILSC.NN	Metagenome or environmental	58876	12624920	2019-08-02	2021-05-07	Reg3gKO_C57Bl/6J	2
SRR8691985		ftp.sra.ebi.ac.uk/vol1/fastq/SRR869/005/SRR8691985/SRR8691985.fastq.gz	ILSC.HET.22.HF	Mus musculus	ileum mucosal scrapings	2016-05	USA:Chicago	not applicable	16S rRNA gene amplicon sequences	male		Teklad Custom 37.5% Saturated Milk Fat Rodent Diet	ILSC.MM	Metagenome or environmental	63206	10754662	2019-08-02	2021-05-07	Reg3gHET_C57Bl/6J	22
SRR8691986		ftp.sra.ebi.ac.uk/vol1/fastq/SRR869/006/SRR8691986/SRR8691986.fastq.gz	ILSC.HET.22.RC	Mus musculus	ileum mucosal scrapings	2016-05	USA:Chicago	not applicable	16S rRNA gene amplicon sequences	male		Teklad Global 18% Protein Rodent Diet	ILSC.LL	Metagenome or environmental	29052	6559117	2019-08-02	2021-05-07	Reg3gHET_C57Bl/6J	22
SRR8691987		ftp.sra.ebi.ac.uk/vol1/fastq/SRR869/007/SRR8691987/SRR8691987.fastq.gz	ILSC.HET.18.HF	Mus musculus	ileum mucosal scrapings	2016-05	USA:Chicago	not applicable	16S rRNA gene amplicon sequences	male		Teklad Custom 37.5% Saturated Milk Fat Rodent Diet	ILSC.KK	Metagenome or environmental	65577	12982766	2019-08-02	2021-05-07	Reg3gHET_C57Bl/6J	18
SRR8691988		ftp.sra.ebi.ac.uk/vol1/fastq/SRR869/008/SRR8691988/SRR8691988.fastq.gz	ILSC.HET.18.RC	Mus musculus	ileum mucosal scrapings	2016-05	USA:Chicago	not applicable	16S rRNA gene amplicon sequences	male		Teklad Global 18% Protein Rodent Diet	ILSC.JJ	Metagenome or environmental	62696	12511527	2019-08-02	2021-05-07	Reg3gHET_C57Bl/6J	18
SRR8691989		ftp.sra.ebi.ac.uk/vol1/fastq/SRR869/009/SRR8691989/SRR8691989.fastq.gz	ILSC.HET.14.HF	Mus musculus	ileum mucosal scrapings	2016-05	USA:Chicago	not applicable	16S rRNA gene amplicon sequences	male		Teklad Custom 37.5% Saturated Milk Fat Rodent Diet	ILSC.II	Metagenome or environmental	61513	12400237	2019-08-02	2021-05-07	Reg3gHET_C57Bl/6J	14
SRR8691990		ftp.sra.ebi.ac.uk/vol1/fastq/SRR869/000/SRR8691990/SRR8691990.fastq.gz	ILSC.HET.14.RC	Mus musculus	ileum mucosal scrapings	2016-05	USA:Chicago	not applicable	16S rRNA gene amplicon sequences	male		Teklad Global 18% Protein Rodent Diet	ILSC.HH	Metagenome or environmental	41888	7986026	2019-08-02	2021-05-07	Reg3gHET_C57Bl/6J	14
SRR8691991		ftp.sra.ebi.ac.uk/vol1/fastq/SRR869/001/SRR8691991/SRR8691991.fastq.gz	ILSC.HET.10.HF	Mus musculus	ileum mucosal scrapings	2016-05	USA:Chicago	not applicable	16S rRNA gene amplicon sequences	male		Teklad Custom 37.5% Saturated Milk Fat Rodent Diet	ILSC.GG	Metagenome or environmental	63705	11841108	2019-08-02	2021-05-07	Reg3gHET_C57Bl/6J	10
SRR8691992		ftp.sra.ebi.ac.uk/vol1/fastq/SRR869/002/SRR8691992/SRR8691992.fastq.gz	ILC.KO.22.RC	Mus musculus	ileum contents	2016-05	USA:Chicago	not applicable	16S rRNA gene amplicon sequences	male		Teklad Global 18% Protein Rodent Diet	ILC.W	Metagenome or environmental	30677	7740491	2019-08-02	2021-05-07	Reg3gKO_C57Bl/6J	22
SRR8691993		ftp.sra.ebi.ac.uk/vol1/fastq/SRR869/003/SRR8691993/SRR8691993.fastq.gz	ILC.KO.22.HF	Mus musculus	ileum contents	2016-05	USA:Chicago	not applicable	16S rRNA gene amplicon sequences	male		Teklad Custom 37.5% Saturated Milk Fat Rodent Diet	ILC.X	Metagenome or environmental	14	3533	2019-08-02	2021-05-07	Reg3gKO_C57Bl/6J	22
SRR8691994		ftp.sra.ebi.ac.uk/vol1/fastq/SRR869/004/SRR8691994/SRR8691994.fastq.gz	ILC.HET.18.RC	Mus musculus	ileum contents	2016-05	USA:Chicago	not applicable	16S rRNA gene amplicon sequences	male		Teklad Global 18% Protein Rodent Diet	ILC.U	Metagenome or environmental	25201	6362216	2019-08-02	2021-05-07	Reg3gHET_C57Bl/6J	18
SRR8691995		ftp.sra.ebi.ac.uk/vol1/fastq/SRR869/005/SRR8691995/SRR8691995.fastq.gz	ILC.HET.18.HF	Mus musculus	ileum contents	2016-05	USA:Chicago	not applicable	16S rRNA gene amplicon sequences	male		Teklad Custom 37.5% Saturated Milk Fat Rodent Diet	ILC.V	Metagenome or environmental	43526	10953967	2019-08-02	2021-05-07	Reg3gHET_C57Bl/6J	18
SRR8691996		ftp.sra.ebi.ac.uk/vol1/fastq/SRR869/006/SRR8691996/SRR8691996.fastq.gz	ILSC.KO.2.RC	Mus musculus	ileum mucosal scrapings	2016-05	USA:Chicago	not applicable	16S rRNA gene amplicon sequences	male		Teklad Global 18% Protein Rodent Diet	ILSC.A	Metagenome or environmental	32258	8051568	2019-08-02	2021-05-07	Reg3gKO_C57Bl/6J	2
SRR8691997		ftp.sra.ebi.ac.uk/vol1/fastq/SRR869/007/SRR8691997/SRR8691997.fastq.gz	ILSC.KO.2.HF	Mus musculus	ileum mucosal scrapings	2016-05	USA:Chicago	not applicable	16S rRNA gene amplicon sequences	male		Teklad Custom 37.5% Saturated Milk Fat Rodent Diet	ILSC.B	Metagenome or environmental	17530	4084967	2019-08-02	2021-05-07	Reg3gKO_C57Bl/6J	2
SRR8691998		ftp.sra.ebi.ac.uk/vol1/fastq/SRR869/008/SRR8691998/SRR8691998.fastq.gz	ILC.HET.22.RC	Mus musculus	ileum contents	2016-05	USA:Chicago	not applicable	16S rRNA gene amplicon sequences	male		Teklad Global 18% Protein Rodent Diet	ILC.Y	Metagenome or environmental	23181	5854398	2019-08-02	2021-05-07	Reg3gHET_C57Bl/6J	22
SRR8691999		ftp.sra.ebi.ac.uk/vol1/fastq/SRR869/009/SRR8691999/SRR8691999.fastq.gz	ILC.HET.22.HF	Mus musculus	ileum contents	2016-05	USA:Chicago	not applicable	16S rRNA gene amplicon sequences	male		Teklad Custom 37.5% Saturated Milk Fat Rodent Diet	ILC.Z	Metagenome or environmental	19315	4863880	2019-08-02	2021-05-07	Reg3gHET_C57Bl/6J	22
SRR8692000		ftp.sra.ebi.ac.uk/vol1/fastq/SRR869/000/SRR8692000/SRR8692000.fastq.gz	ILSC.HET.2.RC	Mus musculus	ileum mucosal scrapings	2016-05	USA:Chicago	not applicable	16S rRNA gene amplicon sequences	male		Teklad Global 18% Protein Rodent Diet	ILSC.C	Metagenome or environmental	13141	2925316	2019-08-02	2021-05-07	Reg3gHET_C57Bl/6J	2
SRR8692001		ftp.sra.ebi.ac.uk/vol1/fastq/SRR869/001/SRR8692001/SRR8692001.fastq.gz	ILSC.HET.2.HF	Mus musculus	ileum mucosal scrapings	2016-05	USA:Chicago	not applicable	16S rRNA gene amplicon sequences	male		Teklad Custom 37.5% Saturated Milk Fat Rodent Diet	ILSC.D	Metagenome or environmental	15595	3498431	2019-08-02	2021-05-07	Reg3gHET_C57Bl/6J	2
SRR8692002		ftp.sra.ebi.ac.uk/vol1/fastq/SRR869/002/SRR8692002/SRR8692002.fastq.gz	ILC.KO.14.RC	Mus musculus	ileum contents	2016-05	USA:Chicago	not applicable	16S rRNA gene amplicon sequences	male		Teklad Global 18% Protein Rodent Diet	ILC.E2	Metagenome or environmental	52088	13142233	2019-08-02	2021-05-07	Reg3gKO_C57Bl/6J	14
SRR8692003		ftp.sra.ebi.ac.uk/vol1/fastq/SRR869/003/SRR8692003/SRR8692003.fastq.gz	ILC.KO.14.HF	Mus musculus	ileum contents	2016-05	USA:Chicago	not applicable	16S rRNA gene amplicon sequences	male		Teklad Custom 37.5% Saturated Milk Fat Rodent Diet	ILC.F2	Metagenome or environmental	60105	15103118	2019-08-02	2021-05-07	Reg3gKO_C57Bl/6J	14
SRR8692004		ftp.sra.ebi.ac.uk/vol1/fastq/SRR869/004/SRR8692004/SRR8692004.fastq.gz	ILC.KO.10.RC	Mus musculus	ileum contents	2016-05	USA:Chicago	not applicable	16S rRNA gene amplicon sequences	male		Teklad Global 18% Protein Rodent Diet	ILC.Y1	Metagenome or environmental	14	3197	2019-08-02	2021-05-07	Reg3gKO_C57Bl/6J	10
SRR8692005		ftp.sra.ebi.ac.uk/vol1/fastq/SRR869/005/SRR8692005/SRR8692005.fastq.gz	ILC.KO.10.HF	Mus musculus	ileum contents	2016-05	USA:Chicago	not applicable	16S rRNA gene amplicon sequences	male		Teklad Custom 37.5% Saturated Milk Fat Rodent Diet	ILC.Z1	Metagenome or environmental	23	5041	2019-08-02	2021-05-07	Reg3gKO_C57Bl/6J	10
SRR8692006		ftp.sra.ebi.ac.uk/vol1/fastq/SRR869/006/SRR8692006/SRR8692006.fastq.gz	ILC.HET.10.HF	Mus musculus	ileum contents	2016-05	USA:Chicago	not applicable	16S rRNA gene amplicon sequences	male		Teklad Custom 37.5% Saturated Milk Fat Rodent Diet	ILC.W1	Metagenome or environmental	12	2608	2019-08-02	2021-05-07	Reg3gHET_C57Bl/6J	10
SRR8692007		ftp.sra.ebi.ac.uk/vol1/fastq/SRR869/007/SRR8692007/SRR8692007.fastq.gz	ILC.HET.10.HF	Mus musculus	ileum contents	2016-05	USA:Chicago	not applicable	16S rRNA gene amplicon sequences	male		Teklad Custom 37.5% Saturated Milk Fat Rodent Diet	ILC.X1	Metagenome or environmental	14	3108	2019-08-02	2021-05-07	Reg3gHET_C57Bl/6J	10
SRR8692008		ftp.sra.ebi.ac.uk/vol1/fastq/SRR869/008/SRR8692008/SRR8692008.fastq.gz	ILC.HET.14.HF	Mus musculus	ileum contents	2016-05	USA:Chicago	not applicable	16S rRNA gene amplicon sequences	male		Teklad Custom 37.5% Saturated Milk Fat Rodent Diet	ILC.C2	Metagenome or environmental	61009	15376537	2019-08-02	2021-05-07	Reg3gHET_C57Bl/6J	14
SRR8692009		ftp.sra.ebi.ac.uk/vol1/fastq/SRR869/009/SRR8692009/SRR8692009.fastq.gz	ILC.HET.14.HF	Mus musculus	ileum contents	2016-05	USA:Chicago	not applicable	16S rRNA gene amplicon sequences	male		Teklad Custom 37.5% Saturated Milk Fat Rodent Diet	ILC.D2	Metagenome or environmental	64611	16304233	2019-08-02	2021-05-07	Reg3gHET_C57Bl/6J	14
SRR8692010		ftp.sra.ebi.ac.uk/vol1/fastq/SRR869/000/SRR8692010/SRR8692010.fastq.gz	ILC.KO.10.HF	Mus musculus	ileum contents	2016-05	USA:Chicago	not applicable	16S rRNA gene amplicon sequences	male		Teklad Custom 37.5% Saturated Milk Fat Rodent Diet	ILC.A1	Metagenome or environmental	51857	13085168	2019-08-02	2021-05-07	Reg3gKO_C57Bl/6J	10
SRR8692011		ftp.sra.ebi.ac.uk/vol1/fastq/SRR869/001/SRR8692011/SRR8692011.fastq.gz	ILC.HET.14.RC	Mus musculus	ileum contents	2016-05	USA:Chicago	not applicable	16S rRNA gene amplicon sequences	male		Teklad Global 18% Protein Rodent Diet	ILC.B2	Metagenome or environmental	48007	12092383	2019-08-02	2021-05-07	Reg3gHET_C57Bl/6J	14
SRR8692012		ftp.sra.ebi.ac.uk/vol1/fastq/SRR869/002/SRR8692012/SRR8692012.fastq.gz	ILSC.KO.14.RC	Mus musculus	ileum mucosal scrapings	2016-05	USA:Chicago	not applicable	16S rRNA gene amplicon sequences	male		Teklad Global 18% Protein Rodent Diet	ILSC.O	Metagenome or environmental	13783	3350367	2019-08-02	2021-05-07	Reg3gKO_C57Bl/6J	14
SRR8692013		ftp.sra.ebi.ac.uk/vol1/fastq/SRR869/003/SRR8692013/SRR8692013.fastq.gz	ILSC.KO.14.HF	Mus musculus	ileum mucosal scrapings	2016-05	USA:Chicago	not applicable	16S rRNA gene amplicon sequences	male		Teklad Custom 37.5% Saturated Milk Fat Rodent Diet	ILSC.P	Metagenome or environmental	13568	3343225	2019-08-02	2021-05-07	Reg3gKO_C57Bl/6J	14
SRR8692014		ftp.sra.ebi.ac.uk/vol1/fastq/SRR869/004/SRR8692014/SRR8692014.fastq.gz	ILSC.HET.14.RC	Mus musculus	ileum mucosal scrapings	2016-05	USA:Chicago	not applicable	16S rRNA gene amplicon sequences	male		Teklad Global 18% Protein Rodent Diet	ILSC.Q	Metagenome or environmental	13770	3354111	2019-08-02	2021-05-07	Reg3gHET_C57Bl/6J	14
SRR8692015		ftp.sra.ebi.ac.uk/vol1/fastq/SRR869/005/SRR8692015/SRR8692015.fastq.gz	ILC.HET.6.HF	Mus musculus	ileum contents	2016-05	USA:Chicago	not applicable	16S rRNA gene amplicon sequences	male		Teklad Custom 37.5% Saturated Milk Fat Rodent Diet	ILC.EE	Metagenome or environmental	29005	7309943	2019-08-02	2021-05-07	Reg3gHET_C57Bl/6J	6
SRR8692016		ftp.sra.ebi.ac.uk/vol1/fastq/SRR869/006/SRR8692016/SRR8692016.fastq.gz	ILC.HET.6.HF	Mus musculus	ileum contents	2016-05	USA:Chicago	not applicable	16S rRNA gene amplicon sequences	male		Teklad Custom 37.5% Saturated Milk Fat Rodent Diet	ILC.DD	Metagenome or environmental	37502	9457120	2019-08-02	2021-05-07	Reg3gHET_C57Bl/6J	6
SRR8692017		ftp.sra.ebi.ac.uk/vol1/fastq/SRR869/007/SRR8692017/SRR8692017.fastq.gz	ILC.HET.6.RC	Mus musculus	ileum contents	2016-05	USA:Chicago	not applicable	16S rRNA gene amplicon sequences	male		Teklad Global 18% Protein Rodent Diet	ILC.CC	Metagenome or environmental	46912	11854346	2019-08-02	2021-05-07	Reg3gHET_C57Bl/6J	6
SRR8692018		ftp.sra.ebi.ac.uk/vol1/fastq/SRR869/008/SRR8692018/SRR8692018.fastq.gz	ILC.HET.2.HF	Mus musculus	ileum contents	2016-05	USA:Chicago	not applicable	16S rRNA gene amplicon sequences	male		Teklad Custom 37.5% Saturated Milk Fat Rodent Diet	ILC.BB	Metagenome or environmental	38869	9810256	2019-08-02	2021-05-07	Reg3gHET_C57Bl/6J	2
SRR8692019		ftp.sra.ebi.ac.uk/vol1/fastq/SRR869/009/SRR8692019/SRR8692019.fastq.gz	ILC.HET.2.RC	Mus musculus	ileum contents	2016-05	USA:Chicago	not applicable	16S rRNA gene amplicon sequences	male		Teklad Global 18% Protein Rodent Diet	ILC.AA	Metagenome or environmental	45481	11495715	2019-08-02	2021-05-07	Reg3gHET_C57Bl/6J	2
SRR8692020		ftp.sra.ebi.ac.uk/vol1/fastq/SRR869/000/SRR8692020/SRR8692020.fastq.gz	ILSC.HET.14.HF	Mus musculus	ileum mucosal scrapings	2016-05	USA:Chicago	not applicable	16S rRNA gene amplicon sequences	male		Teklad Custom 37.5% Saturated Milk Fat Rodent Diet	ILSC.R	Metagenome or environmental	12495	3022196	2019-08-02	2021-05-07	Reg3gHET_C57Bl/6J	14
SRR8692021		ftp.sra.ebi.ac.uk/vol1/fastq/SRR869/001/SRR8692021/SRR8692021.fastq.gz	ILSC.HET.22.RC	Mus musculus	ileum mucosal scrapings	2016-05	USA:Chicago	not applicable	16S rRNA gene amplicon sequences	male		Teklad Global 18% Protein Rodent Diet	ILSC.Y	Metagenome or environmental	18058	4171847	2019-08-02	2021-05-07	Reg3gHET_C57Bl/6J	22
SRR8692022		ftp.sra.ebi.ac.uk/vol1/fastq/SRR869/002/SRR8692022/SRR8692022.fastq.gz	ILSC.KO.18.RC	Mus musculus	ileum mucosal scrapings	2016-05	USA:Chicago	not applicable	16S rRNA gene amplicon sequences	male		Teklad Global 18% Protein Rodent Diet	ILSC.S	Metagenome or environmental	16381	4069296	2019-08-02	2021-05-07	Reg3gKO_C57Bl/6J	18
SRR8692023		ftp.sra.ebi.ac.uk/vol1/fastq/SRR869/003/SRR8692023/SRR8692023.fastq.gz	ILC.HET.14.RC	Mus musculus	ileum contents	2016-05	USA:Chicago	not applicable	16S rRNA gene amplicon sequences	male		Teklad Global 18% Protein Rodent Diet	ILC.HH	Metagenome or environmental	32689	8231826	2019-08-02	2021-05-07	Reg3gHET_C57Bl/6J	14
SRR8692024		ftp.sra.ebi.ac.uk/vol1/fastq/SRR869/004/SRR8692024/SRR8692024.fastq.gz	ILC.HET.10.HF	Mus musculus	ileum contents	2016-05	USA:Chicago	not applicable	16S rRNA gene amplicon sequences	male		Teklad Custom 37.5% Saturated Milk Fat Rodent Diet	ILC.GG	Metagenome or environmental	49582	12381313	2019-08-02	2021-05-07	Reg3gHET_C57Bl/6J	10
SRR8692025		ftp.sra.ebi.ac.uk/vol1/fastq/SRR869/005/SRR8692025/SRR8692025.fastq.gz	ILC.HET.22.HF	Mus musculus	ileum contents	2016-05	USA:Chicago	not applicable	16S rRNA gene amplicon sequences	male		Teklad Custom 37.5% Saturated Milk Fat Rodent Diet	ILC.P2	Metagenome or environmental	54064	13580130	2019-08-02	2021-05-07	Reg3gHET_C57Bl/6J	22
SRR8692026		ftp.sra.ebi.ac.uk/vol1/fastq/SRR869/006/SRR8692026/SRR8692026.fastq.gz	ILC.HET.22.HF	Mus musculus	ileum contents	2016-05	USA:Chicago	not applicable	16S rRNA gene amplicon sequences	male		Teklad Custom 37.5% Saturated Milk Fat Rodent Diet	ILC.O2	Metagenome or environmental	46032	11601448	2019-08-02	2021-05-07	Reg3gHET_C57Bl/6J	22
SRR8692027		ftp.sra.ebi.ac.uk/vol1/fastq/SRR869/007/SRR8692027/SRR8692027.fastq.gz	ILSC.KO.18.HF	Mus musculus	ileum mucosal scrapings	2016-05	USA:Chicago	not applicable	16S rRNA gene amplicon sequences	male		Teklad Custom 37.5% Saturated Milk Fat Rodent Diet	ILSC.T	Metagenome or environmental	23049	5803302	2019-08-02	2021-05-07	Reg3gKO_C57Bl/6J	18
SRR8692028		ftp.sra.ebi.ac.uk/vol1/fastq/SRR869/008/SRR8692028/SRR8692028.fastq.gz	ILC.HET.18.RC	Mus musculus	ileum contents	2016-05	USA:Chicago	not applicable	16S rRNA gene amplicon sequences	male		Teklad Global 18% Protein Rodent Diet	ILC.H2	Metagenome or environmental	1227	309869	2019-08-02	2021-05-07	Reg3gHET_C57Bl/6J	18
SRR8692029		ftp.sra.ebi.ac.uk/vol1/fastq/SRR869/009/SRR8692029/SRR8692029.fastq.gz	ILC.HET.18.RC	Mus musculus	ileum contents	2016-05	USA:Chicago	not applicable	16S rRNA gene amplicon sequences	male		Teklad Global 18% Protein Rodent Diet	ILC.G2	Metagenome or environmental	49342	12456463	2019-08-02	2021-05-07	Reg3gHET_C57Bl/6J	18
SRR8692030		ftp.sra.ebi.ac.uk/vol1/fastq/SRR869/000/SRR8692030/SRR8692030.fastq.gz	ILC.HET.18.HF	Mus musculus	ileum contents	2016-05	USA:Chicago	not applicable	16S rRNA gene amplicon sequences	male		Teklad Custom 37.5% Saturated Milk Fat Rodent Diet	ILC.J2	Metagenome or environmental	50889	12801563	2019-08-02	2021-05-07	Reg3gHET_C57Bl/6J	18
SRR8692031		ftp.sra.ebi.ac.uk/vol1/fastq/SRR869/001/SRR8692031/SRR8692031.fastq.gz	ILC.HET.18.HF	Mus musculus	ileum contents	2016-05	USA:Chicago	not applicable	16S rRNA gene amplicon sequences	male		Teklad Custom 37.5% Saturated Milk Fat Rodent Diet	ILC.I2	Metagenome or environmental	57658	14534105	2019-08-02	2021-05-07	Reg3gHET_C57Bl/6J	18
SRR8692032		ftp.sra.ebi.ac.uk/vol1/fastq/SRR869/002/SRR8692032/SRR8692032.fastq.gz	ILC.KO.18.HF	Mus musculus	ileum contents	2016-05	USA:Chicago	not applicable	16S rRNA gene amplicon sequences	male		Teklad Custom 37.5% Saturated Milk Fat Rodent Diet	ILC.L2	Metagenome or environmental	45604	11516464	2019-08-02	2021-05-07	Reg3gKO_C57Bl/6J	18
SRR8692033		ftp.sra.ebi.ac.uk/vol1/fastq/SRR869/003/SRR8692033/SRR8692033.fastq.gz	ILC.KO.18.RC	Mus musculus	ileum contents	2016-05	USA:Chicago	not applicable	16S rRNA gene amplicon sequences	male		Teklad Global 18% Protein Rodent Diet	ILC.K2	Metagenome or environmental	56911	14364363	2019-08-02	2021-05-07	Reg3gKO_C57Bl/6J	18
SRR8692034		ftp.sra.ebi.ac.uk/vol1/fastq/SRR869/004/SRR8692034/SRR8692034.fastq.gz	ILC.HET.22.RC	Mus musculus	ileum contents	2016-05	USA:Chicago	not applicable	16S rRNA gene amplicon sequences	male		Teklad Global 18% Protein Rodent Diet	ILC.N2	Metagenome or environmental	40888	9998600	2019-08-02	2021-05-07	Reg3gHET_C57Bl/6J	22
SRR8692035		ftp.sra.ebi.ac.uk/vol1/fastq/SRR869/005/SRR8692035/SRR8692035.fastq.gz	ILC.HET.22.RC	Mus musculus	ileum contents	2016-05	USA:Chicago	not applicable	16S rRNA gene amplicon sequences	male		Teklad Global 18% Protein Rodent Diet	ILC.M2	Metagenome or environmental	48984	12355295	2019-08-02	2021-05-07	Reg3gHET_C57Bl/6J	22
SRR8692036		ftp.sra.ebi.ac.uk/vol1/fastq/SRR869/006/SRR8692036/SRR8692036.fastq.gz	ILC.KO.10.HF	Mus musculus	ileum contents	2016-05	USA:Chicago	not applicable	16S rRNA gene amplicon sequences	male		Teklad Custom 37.5% Saturated Milk Fat Rodent Diet	ILC.B1	Metagenome or environmental	41587	10506711	2019-08-02	2021-05-07	Reg3gKO_C57Bl/6J	10
SRR8692037		ftp.sra.ebi.ac.uk/vol1/fastq/SRR869/007/SRR8692037/SRR8692037.fastq.gz	ILSC.HET.18.RC	Mus musculus	ileum mucosal scrapings	2016-05	USA:Chicago	not applicable	16S rRNA gene amplicon sequences	male		Teklad Global 18% Protein Rodent Diet	ILSC.G2	Metagenome or environmental	56695	11487456	2019-08-02	2021-03-02	Reg3gHET_C57Bl/6J	18
SRR8692038		ftp.sra.ebi.ac.uk/vol1/fastq/SRR869/008/SRR8692038/SRR8692038.fastq.gz	ILSC.HET.18.HF	Mus musculus	ileum mucosal scrapings	2016-05	USA:Chicago	not applicable	16S rRNA gene amplicon sequences	male		Teklad Custom 37.5% Saturated Milk Fat Rodent Diet	ILSC.H2	Metagenome or environmental	69947	13007004	2019-08-02	2021-03-02	Reg3gHET_C57Bl/6J	18
SRR8692039		ftp.sra.ebi.ac.uk/vol1/fastq/SRR869/009/SRR8692039/SRR8692039.fastq.gz	ILSC.KO.14.RC	Mus musculus	ileum mucosal scrapings	2016-05	USA:Chicago	not applicable	16S rRNA gene amplicon sequences	male		Teklad Global 18% Protein Rodent Diet	ILSC.E2	Metagenome or environmental	41487	9427591	2019-08-02	2021-03-02	Reg3gKO_C57Bl/6J	14
SRR8692040		ftp.sra.ebi.ac.uk/vol1/fastq/SRR869/000/SRR8692040/SRR8692040.fastq.gz	ILSC.KO.14.HF	Mus musculus	ileum mucosal scrapings	2016-05	USA:Chicago	not applicable	16S rRNA gene amplicon sequences	male		Teklad Custom 37.5% Saturated Milk Fat Rodent Diet	ILSC.F2	Metagenome or environmental	72614	12945611	2019-08-02	2021-03-02	Reg3gKO_C57Bl/6J	14
SRR8692041		ftp.sra.ebi.ac.uk/vol1/fastq/SRR869/001/SRR8692041/SRR8692041.fastq.gz	ILSC.KO.18.RC	Mus musculus	ileum mucosal scrapings	2016-05	USA:Chicago	not applicable	16S rRNA gene amplicon sequences	male		Teklad Global 18% Protein Rodent Diet	ILSC.K2	Metagenome or environmental	91864	17885479	2019-08-02	2021-03-02	Reg3gKO_C57Bl/6J	18
SRR8692042		ftp.sra.ebi.ac.uk/vol1/fastq/SRR869/002/SRR8692042/SRR8692042.fastq.gz	ILSC.KO.18.HF	Mus musculus	ileum mucosal scrapings	2016-05	USA:Chicago	not applicable	16S rRNA gene amplicon sequences	male		Teklad Custom 37.5% Saturated Milk Fat Rodent Diet	ILSC.L2	Metagenome or environmental	81905	15670179	2019-08-02	2021-03-02	Reg3gKO_C57Bl/6J	18
SRR8692043		ftp.sra.ebi.ac.uk/vol1/fastq/SRR869/003/SRR8692043/SRR8692043.fastq.gz	ILSC.HET.18.HF	Mus musculus	ileum mucosal scrapings	2016-05	USA:Chicago	not applicable	16S rRNA gene amplicon sequences	male		Teklad Custom 37.5% Saturated Milk Fat Rodent Diet	ILSC.I2	Metagenome or environmental	93227	16451815	2019-08-02	2021-03-02	Reg3gHET_C57Bl/6J	18
SRR8692044		ftp.sra.ebi.ac.uk/vol1/fastq/SRR869/004/SRR8692044/SRR8692044.fastq.gz	ILSC.HET.18.HF	Mus musculus	ileum mucosal scrapings	2016-05	USA:Chicago	not applicable	16S rRNA gene amplicon sequences	male		Teklad Custom 37.5% Saturated Milk Fat Rodent Diet	ILSC.J2	Metagenome or environmental	92388	17035956	2019-08-02	2021-03-02	Reg3gHET_C57Bl/6J	18
SRR8692045		ftp.sra.ebi.ac.uk/vol1/fastq/SRR869/005/SRR8692045/SRR8692045.fastq.gz	ILSC.KO.22.RC	Mus musculus	ileum mucosal scrapings	2016-05	USA:Chicago	not applicable	16S rRNA gene amplicon sequences	male		Teklad Global 18% Protein Rodent Diet	ILSC.W	Metagenome or environmental	19976	4967245	2019-08-02	2021-05-07	Reg3gKO_C57Bl/6J	22
SRR8692046		ftp.sra.ebi.ac.uk/vol1/fastq/SRR869/006/SRR8692046/SRR8692046.fastq.gz	ILSC.KO.22.HF	Mus musculus	ileum mucosal scrapings	2016-05	USA:Chicago	not applicable	16S rRNA gene amplicon sequences	male		Teklad Custom 37.5% Saturated Milk Fat Rodent Diet	ILSC.X	Metagenome or environmental	24096	6034964	2019-08-02	2021-05-07	Reg3gKO_C57Bl/6J	22
SRR8692047		ftp.sra.ebi.ac.uk/vol1/fastq/SRR869/007/SRR8692047/SRR8692047.fastq.gz	ILSC.HET.22.RC	Mus musculus	ileum mucosal scrapings	2016-05	USA:Chicago	not applicable	16S rRNA gene amplicon sequences	male		Teklad Global 18% Protein Rodent Diet	ILSC.M2	Metagenome or environmental	79378	19556032	2019-08-02	2021-03-02	Reg3gHET_C57Bl/6J	22
SRR8692048		ftp.sra.ebi.ac.uk/vol1/fastq/SRR869/008/SRR8692048/SRR8692048.fastq.gz	ILSC.HET.22.RC	Mus musculus	ileum mucosal scrapings	2016-05	USA:Chicago	not applicable	16S rRNA gene amplicon sequences	male		Teklad Global 18% Protein Rodent Diet	ILSC.N2	Metagenome or environmental	92671	18394052	2019-08-02	2021-03-02	Reg3gHET_C57Bl/6J	22
